cnt;8084;adr;0x66;fei;176917;rssi;57;rawcm;27095;rssicor;223;feicor;-1822;res;25496;corres;25496
cnt;8085;adr;0x77;fei;176917;rssi;62;rawcm;10855;rssicor;205;feicor;-1822;res;9238;corres;8884
cnt;8086;adr;0x55;fei;179335;rssi;104;rawcm;928;rssicor;768;feicor;-1847;res;-151;corres;53
cnt;8087;adr;0x77;fei;181753;rssi;61;rawcm;11437;rssicor;230;feicor;-1872;res;9795;corres;9512
cnt;8088;adr;0x55;fei;179335;rssi;106;rawcm;939;rssicor;743;feicor;-1847;res;-165;corres;52
cnt;8089;adr;0x66;fei;175305;rssi;57;rawcm;22907;rssicor;223;feicor;-1805;res;21325;corres;21325
cnt;8090;adr;0x77;fei;175305;rssi;58;rawcm;9602;rssicor;216;feicor;-1805;res;8013;corres;7168
cnt;8091;adr;0x55;fei;179335;rssi;108;rawcm;786;rssicor;759;feicor;-1847;res;-302;corres;51
cnt;8092;adr;0x77;fei;175305;rssi;59;rawcm;10012;rssicor;223;feicor;-1805;res;8430;corres;7772
cnt;8093;adr;0x55;fei;180141;rssi;107;rawcm;1138;rssicor;754;feicor;-1855;res;37;corres;98
cnt;8094;adr;0x66;fei;177723;rssi;58;rawcm;14418;rssicor;216;feicor;-1830;res;12804;corres;12804
cnt;8095;adr;0x77;fei;177723;rssi;59;rawcm;9670;rssicor;223;feicor;-1830;res;8063;corres;7240
cnt;8096;adr;0x55;fei;180141;rssi;106;rawcm;842;rssicor;743;feicor;-1855;res;-270;corres;49
cnt;8097;adr;0x66;fei;177723;rssi;63;rawcm;9834;rssicor;215;feicor;-1830;res;8219;corres;7466
cnt;8098;adr;0x77;fei;176917;rssi;58;rawcm;9764;rssicor;216;feicor;-1822;res;8158;corres;7378
cnt;8099;adr;0x55;fei;180141;rssi;105;rawcm;867;rssicor;728;feicor;-1855;res;-260;corres;48
cnt;8100;adr;0x66;fei;176917;rssi;65;rawcm;10071;rssicor;216;feicor;-1822;res;8465;corres;7823
cnt;8101;adr;0x77;fei;176917;rssi;61;rawcm;9825;rssicor;230;feicor;-1822;res;8233;corres;7487
cnt;8102;adr;0x55;fei;178529;rssi;106;rawcm;1309;rssicor;743;feicor;-1838;res;214;corres;176
cnt;8103;adr;0x66;fei;180141;rssi;65;rawcm;10391;rssicor;216;feicor;-1855;res;8752;corres;8232
cnt;8104;adr;0x77;fei;180141;rssi;62;rawcm;9255;rssicor;205;feicor;-1855;res;7605;corres;6586
cnt;8105;adr;0x55;fei;178529;rssi;99;rawcm;905;rssicor;743;feicor;-1838;res;-190;corres;50
cnt;8106;adr;0x66;fei;180141;rssi;63;rawcm;11556;rssicor;215;feicor;-1855;res;9916;corres;9624
cnt;8107;adr;0x77;fei;174499;rssi;61;rawcm;10833;rssicor;230;feicor;-1797;res;9266;corres;8919
cnt;8108;adr;0x55;fei;178529;rssi;80;rawcm;1129;rssicor;280;feicor;-1838;res;-429;corres;76
cnt;8109;adr;0x66;fei;174499;rssi;63;rawcm;9805;rssicor;215;feicor;-1797;res;8223;corres;7472
cnt;8110;adr;0x77;fei;174499;rssi;59;rawcm;9676;rssicor;223;feicor;-1797;res;8102;corres;7297
cnt;8111;adr;0x55;fei;180141;rssi;102;rawcm;1104;rssicor;782;feicor;-1855;res;31;corres;96
cnt;8112;adr;0x66;fei;174499;rssi;54;rawcm;17537;rssicor;214;feicor;-1797;res;15954;corres;15954
cnt;8113;adr;0x77;fei;179335;rssi;56;rawcm;8536;rssicor;232;feicor;-1847;res;6921;corres;5679
cnt;8114;adr;0x55;fei;180141;rssi;101;rawcm;944;rssicor;791;feicor;-1855;res;-120;corres;58
cnt;8115;adr;0x66;fei;179335;rssi;67;rawcm;10727;rssicor;223;feicor;-1847;res;9103;corres;8710
cnt;8116;adr;0x55;fei;180141;rssi;91;rawcm;694;rssicor;482;feicor;-1855;res;-679;corres;212
cnt;8117;adr;0x66;fei;175305;rssi;69;rawcm;11168;rssicor;221;feicor;-1805;res;9584;corres;9294
cnt;8118;adr;0x77;fei;175305;rssi;60;rawcm;10373;rssicor;214;feicor;-1805;res;8782;corres;8274
cnt;8119;adr;0x55;fei;180141;rssi;91;rawcm;1593;rssicor;482;feicor;-1855;res;220;corres;179
cnt;8120;adr;0x66;fei;175305;rssi;65;rawcm;11299;rssicor;216;feicor;-1805;res;9710;corres;9427
cnt;8121;adr;0x77;fei;175305;rssi;60;rawcm;9755;rssicor;214;feicor;-1805;res;8164;corres;7387
cnt;8122;adr;0x55;fei;180141;rssi;78;rawcm;1433;rssicor;219;feicor;-1855;res;-203;corres;49
cnt;8123;adr;0x66;fei;175305;rssi;71;rawcm;12004;rssicor;230;feicor;-1805;res;10429;corres;10429
cnt;8124;adr;0x77;fei;175305;rssi;62;rawcm;9573;rssicor;205;feicor;-1805;res;7973;corres;7110
cnt;8125;adr;0x55;fei;180141;rssi;91;rawcm;1000;rssicor;482;feicor;-1855;res;-373;corres;62
cnt;8126;adr;0x66;fei;173693;rssi;59;rawcm;11387;rssicor;223;feicor;-1789;res;9821;corres;9537
cnt;8127;adr;0x77;fei;173693;rssi;62;rawcm;11565;rssicor;205;feicor;-1789;res;9981;corres;9679
cnt;8128;adr;0x55;fei;180141;rssi;91;rawcm;1176;rssicor;482;feicor;-1855;res;-197;corres;49
cnt;8129;adr;0x66;fei;173693;rssi;70;rawcm;12038;rssicor;223;feicor;-1789;res;10472;corres;10472
cnt;8130;adr;0x77;fei;173693;rssi;57;rawcm;8545;rssicor;223;feicor;-1789;res;6979;corres;5751
cnt;8131;adr;0x55;fei;180141;rssi;91;rawcm;946;rssicor;482;feicor;-1855;res;-427;corres;76
cnt;8132;adr;0x66;fei;180947;rssi;63;rawcm;12827;rssicor;215;feicor;-1863;res;11179;corres;11179
cnt;8133;adr;0x77;fei;180947;rssi;61;rawcm;9210;rssicor;230;feicor;-1863;res;7577;corres;6547
cnt;8134;adr;0x55;fei;180141;rssi;98;rawcm;836;rssicor;720;feicor;-1855;res;-299;corres;51
cnt;8135;adr;0x66;fei;180947;rssi;64;rawcm;10718;rssicor;221;feicor;-1863;res;9076;corres;8675
cnt;8136;adr;0x77;fei;180947;rssi;61;rawcm;9084;rssicor;230;feicor;-1863;res;7451;corres;6373
cnt;8137;adr;0x55;fei;180141;rssi;91;rawcm;1142;rssicor;482;feicor;-1855;res;-231;corres;48
cnt;8138;adr;0x66;fei;180947;rssi;69;rawcm;10416;rssicor;221;feicor;-1863;res;8774;corres;8263
cnt;8139;adr;0x77;fei;180947;rssi;52;rawcm;6623;rssicor;219;feicor;-1863;res;4979;corres;3812
cnt;8140;adr;0x55;fei;179335;rssi;91;rawcm;1699;rssicor;482;feicor;-1847;res;334;corres;244
cnt;8141;adr;0x66;fei;180947;rssi;68;rawcm;12437;rssicor;226;feicor;-1863;res;10800;corres;10800
cnt;8142;adr;0x77;fei;180947;rssi;57;rawcm;6684;rssicor;223;feicor;-1863;res;5044;corres;3859
cnt;8143;adr;0x55;fei;179335;rssi;90;rawcm;1225;rssicor;473;feicor;-1847;res;-149;corres;54
cnt;8144;adr;0x66;fei;180947;rssi;67;rawcm;11031;rssicor;223;feicor;-1863;res;9391;corres;9072
cnt;8145;adr;0x77;fei;174499;rssi;61;rawcm;7283;rssicor;230;feicor;-1797;res;5716;corres;4397
cnt;8146;adr;0x55;fei;179335;rssi;91;rawcm;1232;rssicor;482;feicor;-1847;res;-133;corres;56
cnt;8147;adr;0x66;fei;174499;rssi;70;rawcm;12408;rssicor;223;feicor;-1797;res;10834;corres;10834
cnt;8148;adr;0x77;fei;174499;rssi;59;rawcm;10504;rssicor;223;feicor;-1797;res;8930;corres;8479
cnt;8149;adr;0x55;fei;179335;rssi;89;rawcm;1588;rssicor;461;feicor;-1847;res;202;corres;169
cnt;8150;adr;0x77;fei;174499;rssi;62;rawcm;11270;rssicor;205;feicor;-1797;res;9678;corres;9394
cnt;8151;adr;0x55;fei;179335;rssi;80;rawcm;1059;rssicor;280;feicor;-1847;res;-508;corres;106
cnt;8152;adr;0x66;fei;174499;rssi;65;rawcm;11937;rssicor;216;feicor;-1797;res;10356;corres;10356
cnt;8153;adr;0x77;fei;174499;rssi;63;rawcm;9307;rssicor;215;feicor;-1797;res;7725;corres;6755
cnt;8154;adr;0x55;fei;179335;rssi;92;rawcm;1169;rssicor;475;feicor;-1847;res;-203;corres;49
cnt;8155;adr;0x66;fei;176917;rssi;65;rawcm;11470;rssicor;216;feicor;-1822;res;9864;corres;9577
cnt;8156;adr;0x77;fei;176917;rssi;53;rawcm;4268;rssicor;219;feicor;-1822;res;2665;corres;2266
cnt;8157;adr;0x55;fei;179335;rssi;87;rawcm;1694;rssicor;431;feicor;-1847;res;278;corres;211
cnt;8158;adr;0x66;fei;176917;rssi;65;rawcm;14758;rssicor;216;feicor;-1822;res;13152;corres;13152
cnt;8159;adr;0x77;fei;181753;rssi;62;rawcm;9963;rssicor;205;feicor;-1872;res;8296;corres;7578
cnt;8160;adr;0x55;fei;179335;rssi;86;rawcm;1223;rssicor;425;feicor;-1847;res;-199;corres;49
cnt;8161;adr;0x66;fei;181753;rssi;59;rawcm;5944;rssicor;223;feicor;-1872;res;4295;corres;3357
cnt;8162;adr;0x77;fei;181753;rssi;65;rawcm;8092;rssicor;216;feicor;-1872;res;6436;corres;5110
cnt;8163;adr;0x55;fei;179335;rssi;81;rawcm;1417;rssicor;310;feicor;-1847;res;-120;corres;58
cnt;8164;adr;0x66;fei;181753;rssi;66;rawcm;10959;rssicor;223;feicor;-1872;res;9310;corres;8974
cnt;8165;adr;0x77;fei;181753;rssi;53;rawcm;9796;rssicor;219;feicor;-1872;res;8143;corres;7356
cnt;8166;adr;0x55;fei;179335;rssi;80;rawcm;1773;rssicor;280;feicor;-1847;res;206;corres;172
cnt;8167;adr;0x66;fei;181753;rssi;64;rawcm;11518;rssicor;221;feicor;-1872;res;9867;corres;9580
cnt;8168;adr;0x77;fei;181753;rssi;62;rawcm;9676;rssicor;205;feicor;-1872;res;8009;corres;7162
cnt;8169;adr;0x55;fei;179335;rssi;87;rawcm;1530;rssicor;431;feicor;-1847;res;114;corres;128
cnt;8170;adr;0x66;fei;180947;rssi;68;rawcm;12158;rssicor;226;feicor;-1863;res;10521;corres;10521
cnt;8171;adr;0x77;fei;180947;rssi;64;rawcm;7603;rssicor;221;feicor;-1863;res;5961;corres;4622
cnt;8172;adr;0x55;fei;179335;rssi;81;rawcm;1660;rssicor;310;feicor;-1847;res;123;corres;132
cnt;8173;adr;0x66;fei;175305;rssi;61;rawcm;7973;rssicor;230;feicor;-1805;res;6398;corres;5069
cnt;8174;adr;0x77;fei;175305;rssi;60;rawcm;12119;rssicor;214;feicor;-1805;res;10528;corres;10528
cnt;8175;adr;0x55;fei;179335;rssi;85;rawcm;1521;rssicor;460;feicor;-1847;res;134;corres;137
cnt;8176;adr;0x66;fei;175305;rssi;66;rawcm;10731;rssicor;223;feicor;-1805;res;9149;corres;8770
cnt;8177;adr;0x77;fei;175305;rssi;62;rawcm;9580;rssicor;205;feicor;-1805;res;7980;corres;7120
cnt;8178;adr;0x55;fei;179335;rssi;80;rawcm;2285;rssicor;280;feicor;-1847;res;718;corres;526
cnt;8179;adr;0x66;fei;175305;rssi;61;rawcm;20316;rssicor;230;feicor;-1805;res;18741;corres;18741
cnt;8180;adr;0x77;fei;175305;rssi;66;rawcm;8696;rssicor;223;feicor;-1805;res;7114;corres;5924
cnt;8181;adr;0x55;fei;179335;rssi;80;rawcm;1473;rssicor;280;feicor;-1847;res;-94;corres;63
cnt;8182;adr;0x66;fei;175305;rssi;70;rawcm;11588;rssicor;223;feicor;-1805;res;10006;corres;10006
cnt;8183;adr;0x77;fei;177723;rssi;55;rawcm;10515;rssicor;237;feicor;-1830;res;8922;corres;8468
cnt;8184;adr;0x55;fei;179335;rssi;87;rawcm;1365;rssicor;431;feicor;-1847;res;-51;corres;72
cnt;8185;adr;0x66;fei;177723;rssi;62;rawcm;12606;rssicor;205;feicor;-1830;res;10981;corres;10981
cnt;8186;adr;0x77;fei;177723;rssi;59;rawcm;8245;rssicor;223;feicor;-1830;res;6638;corres;5339
cnt;8187;adr;0x55;fei;179335;rssi;81;rawcm;2118;rssicor;310;feicor;-1847;res;581;corres;416
cnt;8188;adr;0x66;fei;180947;rssi;68;rawcm;13167;rssicor;226;feicor;-1863;res;11530;corres;11530
cnt;8189;adr;0x77;fei;180947;rssi;67;rawcm;7218;rssicor;223;feicor;-1863;res;5578;corres;4277
cnt;8190;adr;0x55;fei;179335;rssi;83;rawcm;1554;rssicor;388;feicor;-1847;res;95;corres;120
cnt;8191;adr;0x66;fei;180947;rssi;60;rawcm;16079;rssicor;214;feicor;-1863;res;14430;corres;14430
cnt;8192;adr;0x77;fei;180947;rssi;53;rawcm;7303;rssicor;219;feicor;-1863;res;5659;corres;4347
cnt;8193;adr;0x55;fei;179335;rssi;86;rawcm;1645;rssicor;425;feicor;-1847;res;223;corres;180
cnt;8194;adr;0x66;fei;180947;rssi;65;rawcm;12480;rssicor;216;feicor;-1863;res;10833;corres;10833
cnt;8195;adr;0x77;fei;180947;rssi;67;rawcm;9336;rssicor;223;feicor;-1863;res;7696;corres;6714
cnt;8196;adr;0x55;fei;180141;rssi;83;rawcm;1764;rssicor;388;feicor;-1855;res;297;corres;222
cnt;8197;adr;0x66;fei;180947;rssi;58;rawcm;9848;rssicor;216;feicor;-1863;res;8201;corres;7440
cnt;8198;adr;0x77;fei;180947;rssi;67;rawcm;8937;rssicor;223;feicor;-1863;res;7297;corres;6164
cnt;8199;adr;0x55;fei;180141;rssi;77;rawcm;2179;rssicor;209;feicor;-1855;res;533;corres;380
cnt;8200;adr;0x66;fei;180947;rssi;68;rawcm;11838;rssicor;226;feicor;-1863;res;10201;corres;10201
cnt;8201;adr;0x77;fei;180947;rssi;54;rawcm;14549;rssicor;214;feicor;-1863;res;12900;corres;12900
cnt;8202;adr;0x55;fei;180141;rssi;81;rawcm;1604;rssicor;310;feicor;-1855;res;59;corres;106
cnt;8203;adr;0x66;fei;172887;rssi;64;rawcm;13731;rssicor;221;feicor;-1780;res;12172;corres;12172
cnt;8204;adr;0x77;fei;172887;rssi;62;rawcm;6882;rssicor;205;feicor;-1780;res;5307;corres;4056
cnt;8205;adr;0x55;fei;179335;rssi;77;rawcm;3107;rssicor;209;feicor;-1847;res;1469;corres;1214
cnt;8206;adr;0x66;fei;172887;rssi;67;rawcm;10046;rssicor;223;feicor;-1780;res;8489;corres;7858
cnt;8207;adr;0x77;fei;172887;rssi;65;rawcm;7222;rssicor;216;feicor;-1780;res;5658;corres;4346
cnt;8208;adr;0x55;fei;179335;rssi;78;rawcm;1902;rssicor;219;feicor;-1847;res;274;corres;208
cnt;8209;adr;0x66;fei;180947;rssi;65;rawcm;13816;rssicor;216;feicor;-1863;res;12169;corres;12169
cnt;8210;adr;0x77;fei;180947;rssi;55;rawcm;8394;rssicor;237;feicor;-1863;res;6768;corres;5492
cnt;8211;adr;0x55;fei;179335;rssi;77;rawcm;1992;rssicor;209;feicor;-1847;res;354;corres;256
cnt;8212;adr;0x66;fei;176111;rssi;58;rawcm;8426;rssicor;216;feicor;-1813;res;6829;corres;5566
cnt;8213;adr;0x77;fei;176111;rssi;65;rawcm;7804;rssicor;216;feicor;-1813;res;6207;corres;4866
cnt;8214;adr;0x55;fei;179335;rssi;74;rawcm;1631;rssicor;207;feicor;-1847;res;-9;corres;83
cnt;8215;adr;0x66;fei;176111;rssi;68;rawcm;10821;rssicor;226;feicor;-1813;res;9234;corres;8879
cnt;8216;adr;0x77;fei;176111;rssi;65;rawcm;7759;rssicor;216;feicor;-1813;res;6162;corres;4820
cnt;8217;adr;0x55;fei;179335;rssi;83;rawcm;2005;rssicor;388;feicor;-1847;res;546;corres;390
cnt;8218;adr;0x66;fei;181753;rssi;64;rawcm;12895;rssicor;221;feicor;-1872;res;11244;corres;11244
cnt;8219;adr;0x77;fei;181753;rssi;52;rawcm;12804;rssicor;219;feicor;-1872;res;11151;corres;11151
cnt;8220;adr;0x55;fei;179335;rssi;81;rawcm;1935;rssicor;310;feicor;-1847;res;398;corres;285
cnt;8221;adr;0x66;fei;181753;rssi;59;rawcm;11418;rssicor;223;feicor;-1872;res;9769;corres;9486
cnt;8222;adr;0x77;fei;181753;rssi;61;rawcm;6621;rssicor;230;feicor;-1872;res;4979;corres;3812
cnt;8223;adr;0x55;fei;179335;rssi;81;rawcm;2729;rssicor;310;feicor;-1847;res;1192;corres;951
cnt;8224;adr;0x66;fei;181753;rssi;70;rawcm;11716;rssicor;223;feicor;-1872;res;10067;corres;10067
cnt;8225;adr;0x77;fei;181753;rssi;65;rawcm;7292;rssicor;216;feicor;-1872;res;5636;corres;4327
cnt;8226;adr;0x55;fei;179335;rssi;84;rawcm;2898;rssicor;468;feicor;-1847;res;1519;corres;1262
cnt;8227;adr;0x66;fei;180141;rssi;65;rawcm;13212;rssicor;216;feicor;-1855;res;11573;corres;11573
cnt;8228;adr;0x77;fei;180141;rssi;55;rawcm;16293;rssicor;237;feicor;-1855;res;14675;corres;14675
cnt;8229;adr;0x55;fei;179335;rssi;78;rawcm;2260;rssicor;219;feicor;-1847;res;632;corres;456
cnt;8230;adr;0x66;fei;180141;rssi;70;rawcm;13113;rssicor;223;feicor;-1855;res;11481;corres;11481
cnt;8231;adr;0x77;fei;175305;rssi;65;rawcm;6427;rssicor;216;feicor;-1805;res;4838;corres;3713
cnt;8232;adr;0x55;fei;179335;rssi;75;rawcm;1771;rssicor;228;feicor;-1847;res;152;corres;145
cnt;8233;adr;0x66;fei;175305;rssi;67;rawcm;12273;rssicor;223;feicor;-1805;res;10691;corres;10691
cnt;8234;adr;0x77;fei;175305;rssi;64;rawcm;7531;rssicor;221;feicor;-1805;res;5947;corres;4609
cnt;8235;adr;0x55;fei;179335;rssi;74;rawcm;3362;rssicor;207;feicor;-1847;res;1722;corres;1453
cnt;8236;adr;0x66;fei;175305;rssi;63;rawcm;10535;rssicor;215;feicor;-1805;res;8945;corres;8499
cnt;8237;adr;0x77;fei;180947;rssi;57;rawcm;7734;rssicor;223;feicor;-1863;res;6094;corres;4752
cnt;8238;adr;0x55;fei;179335;rssi;71;rawcm;3263;rssicor;230;feicor;-1847;res;1646;corres;1382
cnt;8239;adr;0x66;fei;180947;rssi;64;rawcm;11847;rssicor;221;feicor;-1863;res;10205;corres;10205
cnt;8240;adr;0x77;fei;180947;rssi;63;rawcm;7680;rssicor;215;feicor;-1863;res;6032;corres;4691
cnt;8241;adr;0x55;fei;179335;rssi;72;rawcm;1401;rssicor;219;feicor;-1847;res;-227;corres;48
cnt;8242;adr;0x66;fei;175305;rssi;64;rawcm;9476;rssicor;221;feicor;-1805;res;7892;corres;6993
cnt;8243;adr;0x77;fei;175305;rssi;67;rawcm;8746;rssicor;223;feicor;-1805;res;7164;corres;5989
cnt;8244;adr;0x55;fei;179335;rssi;68;rawcm;108;rssicor;226;feicor;-1847;res;-1513;corres;1853
cnt;8245;adr;0x66;fei;175305;rssi;60;rawcm;6708;rssicor;214;feicor;-1805;res;5117;corres;3912
cnt;8246;adr;0x77;fei;181753;rssi;60;rawcm;8243;rssicor;214;feicor;-1872;res;6585;corres;5278
cnt;8247;adr;0x55;fei;179335;rssi;77;rawcm;2422;rssicor;209;feicor;-1847;res;784;corres;581
cnt;8248;adr;0x66;fei;181753;rssi;68;rawcm;14051;rssicor;226;feicor;-1872;res;12405;corres;12405
cnt;8249;adr;0x77;fei;181753;rssi;67;rawcm;7466;rssicor;223;feicor;-1872;res;5817;corres;4488
cnt;8250;adr;0x55;fei;179335;rssi;67;rawcm;3772;rssicor;223;feicor;-1847;res;2148;corres;1839
cnt;8251;adr;0x66;fei;176111;rssi;61;rawcm;8723;rssicor;230;feicor;-1813;res;7140;corres;5957
cnt;8252;adr;0x77;fei;176111;rssi;66;rawcm;7182;rssicor;223;feicor;-1813;res;5592;corres;4289
cnt;8253;adr;0x55;fei;179335;rssi;74;rawcm;1913;rssicor;207;feicor;-1847;res;273;corres;208
cnt;8254;adr;0x66;fei;176111;rssi;56;rawcm;6510;rssicor;232;feicor;-1813;res;4929;corres;3776
cnt;8255;adr;0x77;fei;176111;rssi;53;rawcm;10371;rssicor;219;feicor;-1813;res;8777;corres;8267
cnt;8256;adr;0x55;fei;179335;rssi;78;rawcm;2445;rssicor;219;feicor;-1847;res;817;corres;610
cnt;8257;adr;0x66;fei;180947;rssi;65;rawcm;9625;rssicor;216;feicor;-1863;res;7978;corres;7117
cnt;8258;adr;0x77;fei;180947;rssi;68;rawcm;7788;rssicor;226;feicor;-1863;res;6151;corres;4809
cnt;8259;adr;0x55;fei;179335;rssi;75;rawcm;3339;rssicor;228;feicor;-1847;res;1720;corres;1451
cnt;8260;adr;0x66;fei;176111;rssi;59;rawcm;5834;rssicor;223;feicor;-1813;res;4244;corres;3325
cnt;8261;adr;0x77;fei;176111;rssi;66;rawcm;8773;rssicor;223;feicor;-1813;res;7183;corres;6013
cnt;8262;adr;0x55;fei;179335;rssi;80;rawcm;2377;rssicor;280;feicor;-1847;res;810;corres;604
cnt;8263;adr;0x66;fei;176111;rssi;63;rawcm;12953;rssicor;215;feicor;-1813;res;11355;corres;11355
cnt;8264;adr;0x77;fei;176111;rssi;62;rawcm;7488;rssicor;205;feicor;-1813;res;5880;corres;4546
cnt;8265;adr;0x55;fei;179335;rssi;73;rawcm;3242;rssicor;205;feicor;-1847;res;1600;corres;1338
cnt;8266;adr;0x66;fei;181753;rssi;62;rawcm;7599;rssicor;205;feicor;-1872;res;5932;corres;4595
cnt;8267;adr;0x77;fei;181753;rssi;68;rawcm;6454;rssicor;226;feicor;-1872;res;4808;corres;3692
cnt;8268;adr;0x55;fei;179335;rssi;76;rawcm;3691;rssicor;198;feicor;-1847;res;2042;corres;1746
cnt;8269;adr;0x66;fei;181753;rssi;65;rawcm;13625;rssicor;216;feicor;-1872;res;11969;corres;11969
cnt;8270;adr;0x77;fei;176111;rssi;60;rawcm;8879;rssicor;214;feicor;-1813;res;7280;corres;6142
cnt;8271;adr;0x55;fei;179335;rssi;82;rawcm;2071;rssicor;399;feicor;-1847;res;623;corres;449
cnt;8272;adr;0x66;fei;176111;rssi;66;rawcm;11119;rssicor;223;feicor;-1813;res;9529;corres;9233
cnt;8273;adr;0x77;fei;176111;rssi;58;rawcm;7166;rssicor;216;feicor;-1813;res;5569;corres;4269
cnt;8274;adr;0x55;fei;180947;rssi;79;rawcm;3209;rssicor;230;feicor;-1863;res;1576;corres;1316
cnt;8275;adr;0x66;fei;180141;rssi;66;rawcm;11484;rssicor;223;feicor;-1855;res;9852;corres;9566
cnt;8276;adr;0x77;fei;180141;rssi;67;rawcm;7367;rssicor;223;feicor;-1855;res;5735;corres;4414
cnt;8277;adr;0x55;fei;180947;rssi;68;rawcm;781;rssicor;226;feicor;-1863;res;-856;corres;390
cnt;8278;adr;0x66;fei;180141;rssi;64;rawcm;9854;rssicor;221;feicor;-1855;res;8220;corres;7468
cnt;8279;adr;0x77;fei;180141;rssi;65;rawcm;6711;rssicor;216;feicor;-1855;res;5072;corres;3879
cnt;8280;adr;0x55;fei;180947;rssi;78;rawcm;3152;rssicor;219;feicor;-1863;res;1508;corres;1251
cnt;8281;adr;0x66;fei;174499;rssi;59;rawcm;13774;rssicor;223;feicor;-1797;res;12200;corres;12200
cnt;8282;adr;0x77;fei;174499;rssi;63;rawcm;9260;rssicor;215;feicor;-1797;res;7678;corres;6688
cnt;8283;adr;0x55;fei;179335;rssi;73;rawcm;2974;rssicor;205;feicor;-1847;res;1332;corres;1084
cnt;8284;adr;0x66;fei;174499;rssi;67;rawcm;16854;rssicor;223;feicor;-1797;res;15280;corres;15280
cnt;8285;adr;0x77;fei;180141;rssi;68;rawcm;8293;rssicor;226;feicor;-1855;res;6664;corres;5369
cnt;8286;adr;0x55;fei;179335;rssi;65;rawcm;-1415;rssicor;216;feicor;-1847;res;-3045;corres;14016
cnt;8287;adr;0x66;fei;180141;rssi;62;rawcm;7567;rssicor;205;feicor;-1855;res;5917;corres;4580
cnt;8288;adr;0x77;fei;180141;rssi;65;rawcm;7297;rssicor;216;feicor;-1855;res;5658;corres;4346
cnt;8289;adr;0x55;fei;179335;rssi;77;rawcm;2997;rssicor;209;feicor;-1847;res;1359;corres;1110
cnt;8290;adr;0x66;fei;175305;rssi;69;rawcm;11772;rssicor;221;feicor;-1805;res;10188;corres;10188
cnt;8291;adr;0x77;fei;175305;rssi;64;rawcm;8725;rssicor;221;feicor;-1805;res;7141;corres;5959
cnt;8292;adr;0x55;fei;179335;rssi;73;rawcm;2801;rssicor;205;feicor;-1847;res;1159;corres;920
cnt;8293;adr;0x66;fei;175305;rssi;67;rawcm;11639;rssicor;223;feicor;-1805;res;10057;corres;10057
cnt;8294;adr;0x77;fei;175305;rssi;66;rawcm;6346;rssicor;223;feicor;-1805;res;4764;corres;3662
cnt;8295;adr;0x55;fei;179335;rssi;76;rawcm;5160;rssicor;198;feicor;-1847;res;3511;corres;2863
cnt;8296;adr;0x66;fei;181753;rssi;68;rawcm;12095;rssicor;226;feicor;-1872;res;10449;corres;10449
cnt;8297;adr;0x77;fei;181753;rssi;66;rawcm;6690;rssicor;223;feicor;-1872;res;5041;corres;3856
cnt;8298;adr;0x55;fei;179335;rssi;71;rawcm;4444;rssicor;230;feicor;-1847;res;2827;corres;2389
cnt;8299;adr;0x66;fei;175305;rssi;69;rawcm;12212;rssicor;221;feicor;-1805;res;10628;corres;10628
cnt;8300;adr;0x77;fei;175305;rssi;66;rawcm;7928;rssicor;223;feicor;-1805;res;6346;corres;5013
cnt;8301;adr;0x55;fei;179335;rssi;65;rawcm;-1554;rssicor;216;feicor;-1847;res;-3184;corres;16067
cnt;8302;adr;0x66;fei;175305;rssi;66;rawcm;11035;rssicor;223;feicor;-1805;res;9453;corres;9145
cnt;8303;adr;0x77;fei;175305;rssi;68;rawcm;6864;rssicor;226;feicor;-1805;res;5285;corres;4039
cnt;8304;adr;0x55;fei;177723;rssi;70;rawcm;3535;rssicor;223;feicor;-1830;res;1928;corres;1643
cnt;8305;adr;0x66;fei;180947;rssi;67;rawcm;12083;rssicor;223;feicor;-1863;res;10443;corres;10443
cnt;8306;adr;0x77;fei;180947;rssi;64;rawcm;6740;rssicor;221;feicor;-1863;res;5098;corres;3898
cnt;8307;adr;0x55;fei;177723;rssi;72;rawcm;3797;rssicor;219;feicor;-1830;res;2186;corres;1872
cnt;8308;adr;0x66;fei;180947;rssi;65;rawcm;9151;rssicor;216;feicor;-1863;res;7504;corres;6446
cnt;8309;adr;0x77;fei;174499;rssi;65;rawcm;7396;rssicor;216;feicor;-1797;res;5815;corres;4486
cnt;8310;adr;0x55;fei;177723;rssi;68;rawcm;4360;rssicor;226;feicor;-1830;res;2756;corres;2336
cnt;8311;adr;0x66;fei;174499;rssi;64;rawcm;24133;rssicor;221;feicor;-1797;res;22557;corres;22557
cnt;8312;adr;0x77;fei;174499;rssi;68;rawcm;7705;rssicor;226;feicor;-1797;res;6134;corres;4792
cnt;8313;adr;0x55;fei;179335;rssi;64;rawcm;3468;rssicor;221;feicor;-1847;res;1842;corres;1564
cnt;8314;adr;0x66;fei;180141;rssi;68;rawcm;11889;rssicor;226;feicor;-1855;res;10260;corres;10260
cnt;8315;adr;0x77;fei;180141;rssi;62;rawcm;6044;rssicor;205;feicor;-1855;res;4394;corres;3420
cnt;8316;adr;0x55;fei;179335;rssi;62;rawcm;1929;rssicor;205;feicor;-1847;res;287;corres;216
cnt;8317;adr;0x66;fei;180141;rssi;65;rawcm;9320;rssicor;216;feicor;-1855;res;7681;corres;6693
cnt;8318;adr;0x77;fei;175305;rssi;65;rawcm;7554;rssicor;216;feicor;-1805;res;5965;corres;4626
cnt;8319;adr;0x55;fei;179335;rssi;55;rawcm;7894;rssicor;237;feicor;-1847;res;6284;corres;4947
cnt;8320;adr;0x66;fei;175305;rssi;66;rawcm;9785;rssicor;223;feicor;-1805;res;8203;corres;7443
cnt;8321;adr;0x77;fei;175305;rssi;67;rawcm;6643;rssicor;223;feicor;-1805;res;5061;corres;3871
cnt;8322;adr;0x55;fei;179335;rssi;59;rawcm;11150;rssicor;223;feicor;-1847;res;9526;corres;9229
cnt;8323;adr;0x66;fei;175305;rssi;68;rawcm;9649;rssicor;226;feicor;-1805;res;8070;corres;7250
cnt;8324;adr;0x77;fei;180141;rssi;62;rawcm;5012;rssicor;205;feicor;-1855;res;3362;corres;2765
cnt;8325;adr;0x55;fei;179335;rssi;66;rawcm;3957;rssicor;223;feicor;-1847;res;2333;corres;1998
cnt;8326;adr;0x77;fei;180141;rssi;62;rawcm;8651;rssicor;205;feicor;-1855;res;7001;corres;5779
cnt;8327;adr;0x55;fei;179335;rssi;65;rawcm;6242;rssicor;216;feicor;-1847;res;4611;corres;3560
cnt;8328;adr;0x66;fei;176111;rssi;64;rawcm;2767;rssicor;221;feicor;-1813;res;1175;corres;935
cnt;8329;adr;0x77;fei;176111;rssi;68;rawcm;6923;rssicor;226;feicor;-1813;res;5336;corres;4079
cnt;8330;adr;0x55;fei;180141;rssi;61;rawcm;3558;rssicor;230;feicor;-1855;res;1933;corres;1648
cnt;8331;adr;0x66;fei;176111;rssi;67;rawcm;9397;rssicor;223;feicor;-1813;res;7807;corres;6871
cnt;8332;adr;0x77;fei;176111;rssi;64;rawcm;7071;rssicor;221;feicor;-1813;res;5479;corres;4194
cnt;8333;adr;0x66;fei;176111;rssi;70;rawcm;11802;rssicor;223;feicor;-1813;res;10212;corres;10212
cnt;8334;adr;0x77;fei;176111;rssi;65;rawcm;5805;rssicor;216;feicor;-1813;res;4208;corres;3302
cnt;8335;adr;0x55;fei;180141;rssi;66;rawcm;7576;rssicor;223;feicor;-1855;res;5944;corres;4606
cnt;8336;adr;0x66;fei;174499;rssi;66;rawcm;9530;rssicor;223;feicor;-1797;res;7956;corres;7085
cnt;8337;adr;0x77;fei;174499;rssi;66;rawcm;6224;rssicor;223;feicor;-1797;res;4650;corres;3586
cnt;8338;adr;0x66;fei;174499;rssi;67;rawcm;11423;rssicor;223;feicor;-1797;res;9849;corres;9563
cnt;8339;adr;0x77;fei;174499;rssi;67;rawcm;6841;rssicor;223;feicor;-1797;res;5267;corres;4025
cnt;8340;adr;0x55;fei;180141;rssi;63;rawcm;5825;rssicor;215;feicor;-1855;res;4185;corres;3288
cnt;8341;adr;0x66;fei;179335;rssi;71;rawcm;12861;rssicor;230;feicor;-1847;res;11244;corres;11244
cnt;8342;adr;0x77;fei;179335;rssi;65;rawcm;8520;rssicor;216;feicor;-1847;res;6889;corres;5639
cnt;8343;adr;0x55;fei;180141;rssi;64;rawcm;2871;rssicor;221;feicor;-1855;res;1237;corres;994
cnt;8344;adr;0x66;fei;179335;rssi;71;rawcm;10323;rssicor;230;feicor;-1847;res;8706;corres;8167
cnt;8345;adr;0x77;fei;179335;rssi;69;rawcm;6907;rssicor;221;feicor;-1847;res;5281;corres;4036
cnt;8346;adr;0x66;fei;179335;rssi;67;rawcm;7400;rssicor;223;feicor;-1847;res;5776;corres;4450
cnt;8347;adr;0x77;fei;179335;rssi;65;rawcm;7770;rssicor;216;feicor;-1847;res;6139;corres;4797
cnt;8348;adr;0x55;fei;180141;rssi;66;rawcm;2388;rssicor;223;feicor;-1855;res;756;corres;558
cnt;8349;adr;0x66;fei;179335;rssi;68;rawcm;12196;rssicor;226;feicor;-1847;res;10575;corres;10575
cnt;8350;adr;0x77;fei;179335;rssi;67;rawcm;6864;rssicor;223;feicor;-1847;res;5240;corres;4005
cnt;8351;adr;0x55;fei;180141;rssi;57;rawcm;25947;rssicor;223;feicor;-1855;res;24315;corres;24315
cnt;8352;adr;0x66;fei;179335;rssi;72;rawcm;11551;rssicor;219;feicor;-1847;res;9923;corres;9630
cnt;8353;adr;0x77;fei;176111;rssi;69;rawcm;7702;rssicor;221;feicor;-1813;res;6110;corres;4768
cnt;8354;adr;0x55;fei;180141;rssi;66;rawcm;3418;rssicor;223;feicor;-1855;res;1786;corres;1513
cnt;8355;adr;0x66;fei;176111;rssi;69;rawcm;10211;rssicor;221;feicor;-1813;res;8619;corres;8044
cnt;8356;adr;0x77;fei;176111;rssi;59;rawcm;7294;rssicor;223;feicor;-1813;res;5704;corres;4386
cnt;8357;adr;0x55;fei;179335;rssi;69;rawcm;3632;rssicor;221;feicor;-1847;res;2006;corres;1713
cnt;8358;adr;0x66;fei;176111;rssi;65;rawcm;7389;rssicor;216;feicor;-1813;res;5792;corres;4465
cnt;8359;adr;0x77;fei;180947;rssi;67;rawcm;7412;rssicor;223;feicor;-1863;res;5772;corres;4447
cnt;8360;adr;0x66;fei;180947;rssi;68;rawcm;7545;rssicor;226;feicor;-1863;res;5908;corres;4572
cnt;8361;adr;0x77;fei;180947;rssi;68;rawcm;6932;rssicor;226;feicor;-1863;res;5295;corres;4047
cnt;8362;adr;0x55;fei;179335;rssi;65;rawcm;4371;rssicor;216;feicor;-1847;res;2740;corres;2324
cnt;8363;adr;0x66;fei;175305;rssi;70;rawcm;10697;rssicor;223;feicor;-1805;res;9115;corres;8726
cnt;8364;adr;0x77;fei;175305;rssi;66;rawcm;5954;rssicor;223;feicor;-1805;res;4372;corres;3406
cnt;8365;adr;0x55;fei;180141;rssi;66;rawcm;3921;rssicor;223;feicor;-1855;res;2289;corres;1961
cnt;8366;adr;0x66;fei;175305;rssi;66;rawcm;9045;rssicor;223;feicor;-1805;res;7463;corres;6389
cnt;8367;adr;0x77;fei;180947;rssi;67;rawcm;6882;rssicor;223;feicor;-1863;res;5242;corres;4006
cnt;8368;adr;0x55;fei;180141;rssi;60;rawcm;94;rssicor;214;feicor;-1855;res;-1547;corres;1971
cnt;8369;adr;0x66;fei;180947;rssi;68;rawcm;9794;rssicor;226;feicor;-1863;res;8157;corres;7376
cnt;8370;adr;0x77;fei;180947;rssi;69;rawcm;6803;rssicor;221;feicor;-1863;res;5161;corres;3945
cnt;8371;adr;0x55;fei;180141;rssi;58;rawcm;-4858;rssicor;216;feicor;-1855;res;-6496;corres;171979
cnt;8372;adr;0x66;fei;175305;rssi;72;rawcm;9877;rssicor;219;feicor;-1805;res;8291;corres;7571
cnt;8373;adr;0x77;fei;175305;rssi;63;rawcm;6039;rssicor;215;feicor;-1805;res;4449;corres;3455
cnt;8374;adr;0x55;fei;179335;rssi;67;rawcm;4169;rssicor;223;feicor;-1847;res;2545;corres;2171
cnt;8375;adr;0x66;fei;175305;rssi;72;rawcm;10283;rssicor;219;feicor;-1805;res;8697;corres;8155
cnt;8376;adr;0x77;fei;175305;rssi;66;rawcm;6686;rssicor;223;feicor;-1805;res;5104;corres;3902
cnt;8377;adr;0x55;fei;179335;rssi;67;rawcm;4286;rssicor;223;feicor;-1847;res;2662;corres;2264
cnt;8378;adr;0x66;fei;180141;rssi;71;rawcm;12676;rssicor;230;feicor;-1855;res;11051;corres;11051
cnt;8379;adr;0x77;fei;180141;rssi;68;rawcm;6246;rssicor;226;feicor;-1855;res;4617;corres;3564
cnt;8380;adr;0x55;fei;179335;rssi;65;rawcm;5478;rssicor;216;feicor;-1847;res;3847;corres;3076
cnt;8381;adr;0x66;fei;175305;rssi;71;rawcm;10664;rssicor;230;feicor;-1805;res;9089;corres;8692
cnt;8382;adr;0x77;fei;175305;rssi;66;rawcm;5350;rssicor;223;feicor;-1805;res;3768;corres;3027
cnt;8383;adr;0x55;fei;179335;rssi;64;rawcm;3790;rssicor;221;feicor;-1847;res;2164;corres;1853
cnt;8384;adr;0x66;fei;175305;rssi;70;rawcm;10438;rssicor;223;feicor;-1805;res;8856;corres;8377
cnt;8385;adr;0x77;fei;175305;rssi;66;rawcm;5483;rssicor;223;feicor;-1805;res;3901;corres;3110
cnt;8386;adr;0x55;fei;178529;rssi;63;rawcm;6314;rssicor;215;feicor;-1838;res;4691;corres;3613
cnt;8387;adr;0x66;fei;180947;rssi;70;rawcm;7732;rssicor;223;feicor;-1863;res;6092;corres;4750
cnt;8388;adr;0x77;fei;180947;rssi;69;rawcm;5841;rssicor;221;feicor;-1863;res;4199;corres;3296
cnt;8389;adr;0x66;fei;180947;rssi;71;rawcm;10984;rssicor;230;feicor;-1863;res;9351;corres;9024
cnt;8390;adr;0x77;fei;175305;rssi;63;rawcm;6373;rssicor;215;feicor;-1805;res;4783;corres;3675
cnt;8391;adr;0x55;fei;178529;rssi;70;rawcm;4189;rssicor;223;feicor;-1838;res;2574;corres;2194
cnt;8392;adr;0x66;fei;175305;rssi;68;rawcm;7725;rssicor;226;feicor;-1805;res;6146;corres;4804
cnt;8393;adr;0x77;fei;175305;rssi;63;rawcm;5908;rssicor;215;feicor;-1805;res;4318;corres;3371
cnt;8394;adr;0x55;fei;179335;rssi;70;rawcm;4060;rssicor;223;feicor;-1847;res;2436;corres;2083
cnt;8395;adr;0x66;fei;179335;rssi;70;rawcm;10325;rssicor;223;feicor;-1847;res;8701;corres;8160
cnt;8396;adr;0x77;fei;179335;rssi;68;rawcm;6161;rssicor;226;feicor;-1847;res;4540;corres;3514
cnt;8397;adr;0x55;fei;179335;rssi;67;rawcm;1926;rssicor;223;feicor;-1847;res;302;corres;225
cnt;8398;adr;0x66;fei;179335;rssi;67;rawcm;8176;rssicor;223;feicor;-1847;res;6552;corres;5240
cnt;8399;adr;0x77;fei;179335;rssi;67;rawcm;4910;rssicor;223;feicor;-1847;res;3286;corres;2714
cnt;8400;adr;0x55;fei;179335;rssi;70;rawcm;4908;rssicor;223;feicor;-1847;res;3284;corres;2713
cnt;8401;adr;0x66;fei;173693;rssi;69;rawcm;8151;rssicor;221;feicor;-1789;res;6583;corres;5275
cnt;8402;adr;0x77;fei;173693;rssi;66;rawcm;5221;rssicor;223;feicor;-1789;res;3655;corres;2955
cnt;8403;adr;0x55;fei;180141;rssi;67;rawcm;396;rssicor;223;feicor;-1855;res;-1236;corres;1059
cnt;8404;adr;0x66;fei;173693;rssi;71;rawcm;10087;rssicor;230;feicor;-1789;res;8528;corres;7914
cnt;8405;adr;0x77;fei;180947;rssi;68;rawcm;5410;rssicor;226;feicor;-1863;res;3773;corres;3030
cnt;8406;adr;0x55;fei;180141;rssi;67;rawcm;3466;rssicor;223;feicor;-1855;res;1834;corres;1557
cnt;8407;adr;0x66;fei;180947;rssi;72;rawcm;10670;rssicor;219;feicor;-1863;res;9026;corres;8608
cnt;8408;adr;0x77;fei;180947;rssi;64;rawcm;6988;rssicor;221;feicor;-1863;res;5346;corres;4087
cnt;8409;adr;0x55;fei;180141;rssi;70;rawcm;3882;rssicor;223;feicor;-1855;res;2250;corres;1927
cnt;8410;adr;0x66;fei;175305;rssi;72;rawcm;11044;rssicor;219;feicor;-1805;res;9458;corres;9151
cnt;8411;adr;0x77;fei;175305;rssi;69;rawcm;5433;rssicor;221;feicor;-1805;res;3849;corres;3078
cnt;8412;adr;0x55;fei;180141;rssi;70;rawcm;6183;rssicor;223;feicor;-1855;res;4551;corres;3521
cnt;8413;adr;0x66;fei;175305;rssi;70;rawcm;10465;rssicor;223;feicor;-1805;res;8883;corres;8414
cnt;8414;adr;0x77;fei;175305;rssi;69;rawcm;5638;rssicor;221;feicor;-1805;res;4054;corres;3206
cnt;8415;adr;0x55;fei;180141;rssi;68;rawcm;3344;rssicor;226;feicor;-1855;res;1715;corres;1446
cnt;8416;adr;0x66;fei;180947;rssi;70;rawcm;10010;rssicor;223;feicor;-1863;res;8370;corres;7686
cnt;8417;adr;0x77;fei;180947;rssi;63;rawcm;5523;rssicor;215;feicor;-1863;res;3875;corres;3094
cnt;8418;adr;0x55;fei;180141;rssi;70;rawcm;4969;rssicor;223;feicor;-1855;res;3337;corres;2748
cnt;8419;adr;0x66;fei;176111;rssi;69;rawcm;11008;rssicor;221;feicor;-1813;res;9416;corres;9102
cnt;8420;adr;0x77;fei;176111;rssi;69;rawcm;6260;rssicor;221;feicor;-1813;res;4668;corres;3598
cnt;8421;adr;0x55;fei;180141;rssi;67;rawcm;3934;rssicor;223;feicor;-1855;res;2302;corres;1972
cnt;8422;adr;0x66;fei;176111;rssi;73;rawcm;10344;rssicor;205;feicor;-1813;res;8736;corres;8210
cnt;8423;adr;0x77;fei;176111;rssi;70;rawcm;6524;rssicor;223;feicor;-1813;res;4934;corres;3780
cnt;8424;adr;0x55;fei;180947;rssi;68;rawcm;3346;rssicor;226;feicor;-1863;res;1709;corres;1441
cnt;8425;adr;0x66;fei;180947;rssi;72;rawcm;10449;rssicor;219;feicor;-1863;res;8805;corres;8306
cnt;8426;adr;0x77;fei;180947;rssi;64;rawcm;4989;rssicor;221;feicor;-1863;res;3347;corres;2755
cnt;8427;adr;0x55;fei;180947;rssi;71;rawcm;3950;rssicor;230;feicor;-1863;res;2317;corres;1984
cnt;8428;adr;0x66;fei;180947;rssi;71;rawcm;9088;rssicor;230;feicor;-1863;res;7455;corres;6378
cnt;8429;adr;0x77;fei;174499;rssi;69;rawcm;5451;rssicor;221;feicor;-1797;res;3875;corres;3094
cnt;8430;adr;0x55;fei;180947;rssi;69;rawcm;5255;rssicor;221;feicor;-1863;res;3613;corres;2928
cnt;8431;adr;0x66;fei;174499;rssi;73;rawcm;10486;rssicor;205;feicor;-1797;res;8894;corres;8430
cnt;8432;adr;0x77;fei;174499;rssi;67;rawcm;5005;rssicor;223;feicor;-1797;res;3431;corres;2811
cnt;8433;adr;0x55;fei;179335;rssi;71;rawcm;3337;rssicor;230;feicor;-1847;res;1720;corres;1451
cnt;8434;adr;0x66;fei;180947;rssi;69;rawcm;8858;rssicor;221;feicor;-1863;res;7216;corres;6057
cnt;8435;adr;0x77;fei;180947;rssi;68;rawcm;5999;rssicor;226;feicor;-1863;res;4362;corres;3399
cnt;8436;adr;0x55;fei;179335;rssi;69;rawcm;3499;rssicor;221;feicor;-1847;res;1873;corres;1593
cnt;8437;adr;0x66;fei;180947;rssi;70;rawcm;9753;rssicor;223;feicor;-1863;res;8113;corres;7312
cnt;8438;adr;0x77;fei;175305;rssi;69;rawcm;4723;rssicor;221;feicor;-1805;res;3139;corres;2614
cnt;8439;adr;0x55;fei;179335;rssi;69;rawcm;6427;rssicor;221;feicor;-1847;res;4801;corres;3688
cnt;8440;adr;0x66;fei;175305;rssi;73;rawcm;10177;rssicor;205;feicor;-1805;res;8577;corres;7984
cnt;8441;adr;0x77;fei;175305;rssi;70;rawcm;5841;rssicor;223;feicor;-1805;res;4259;corres;3334
cnt;8442;adr;0x55;fei;182559;rssi;68;rawcm;4552;rssicor;226;feicor;-1880;res;2898;corres;2442
cnt;8443;adr;0x66;fei;175305;rssi;70;rawcm;9782;rssicor;223;feicor;-1805;res;8200;corres;7439
cnt;8444;adr;0x77;fei;180947;rssi;63;rawcm;5365;rssicor;215;feicor;-1863;res;3717;corres;2995
cnt;8445;adr;0x55;fei;182559;rssi;71;rawcm;3220;rssicor;230;feicor;-1880;res;1570;corres;1310
cnt;8446;adr;0x66;fei;180947;rssi;71;rawcm;9438;rssicor;230;feicor;-1863;res;7805;corres;6869
cnt;8447;adr;0x77;fei;180947;rssi;68;rawcm;5737;rssicor;226;feicor;-1863;res;4100;corres;3235
cnt;8448;adr;0x55;fei;182559;rssi;69;rawcm;4284;rssicor;221;feicor;-1880;res;2625;corres;2235
cnt;8449;adr;0x66;fei;176111;rssi;73;rawcm;10693;rssicor;205;feicor;-1813;res;9085;corres;8687
cnt;8450;adr;0x77;fei;176111;rssi;69;rawcm;6086;rssicor;221;feicor;-1813;res;4494;corres;3484
cnt;8451;adr;0x55;fei;180141;rssi;73;rawcm;5449;rssicor;205;feicor;-1855;res;3799;corres;3046
cnt;8452;adr;0x66;fei;176111;rssi;69;rawcm;8401;rssicor;221;feicor;-1813;res;6809;corres;5541
cnt;8453;adr;0x77;fei;180141;rssi;65;rawcm;6612;rssicor;216;feicor;-1855;res;4973;corres;3808
cnt;8454;adr;0x55;fei;180141;rssi;70;rawcm;3876;rssicor;223;feicor;-1855;res;2244;corres;1922
cnt;8455;adr;0x66;fei;180141;rssi;72;rawcm;10657;rssicor;219;feicor;-1855;res;9021;corres;8602
cnt;8456;adr;0x77;fei;180141;rssi;70;rawcm;6382;rssicor;223;feicor;-1855;res;4750;corres;3653
cnt;8457;adr;0x55;fei;180141;rssi;65;rawcm;6571;rssicor;216;feicor;-1855;res;4932;corres;3778
cnt;8458;adr;0x66;fei;174499;rssi;75;rawcm;10585;rssicor;228;feicor;-1797;res;9016;corres;8595
cnt;8459;adr;0x77;fei;174499;rssi;71;rawcm;5771;rssicor;230;feicor;-1797;res;4204;corres;3300
cnt;8460;adr;0x55;fei;179335;rssi;67;rawcm;7842;rssicor;223;feicor;-1847;res;6218;corres;4878
cnt;8461;adr;0x66;fei;174499;rssi;71;rawcm;8937;rssicor;230;feicor;-1797;res;7370;corres;6262
cnt;8462;adr;0x77;fei;174499;rssi;61;rawcm;5473;rssicor;230;feicor;-1797;res;3906;corres;3113
cnt;8463;adr;0x55;fei;179335;rssi;75;rawcm;4279;rssicor;228;feicor;-1847;res;2660;corres;2262
cnt;8464;adr;0x66;fei;180947;rssi;72;rawcm;8611;rssicor;219;feicor;-1863;res;6967;corres;5736
cnt;8465;adr;0x77;fei;180947;rssi;70;rawcm;6066;rssicor;223;feicor;-1863;res;4426;corres;3440
cnt;8466;adr;0x55;fei;179335;rssi;67;rawcm;4617;rssicor;223;feicor;-1847;res;2993;corres;2511
cnt;8467;adr;0x66;fei;175305;rssi;72;rawcm;10024;rssicor;219;feicor;-1805;res;8438;corres;7784
cnt;8468;adr;0x77;fei;175305;rssi;70;rawcm;5273;rssicor;223;feicor;-1805;res;3691;corres;2978
cnt;8469;adr;0x55;fei;179335;rssi;70;rawcm;5316;rssicor;223;feicor;-1847;res;3692;corres;2979
cnt;8470;adr;0x66;fei;175305;rssi;70;rawcm;8550;rssicor;223;feicor;-1805;res;6968;corres;5737
cnt;8471;adr;0x77;fei;175305;rssi;66;rawcm;5014;rssicor;223;feicor;-1805;res;3432;corres;2811
cnt;8472;adr;0x55;fei;180141;rssi;70;rawcm;4689;rssicor;223;feicor;-1855;res;3057;corres;2556
cnt;8473;adr;0x66;fei;181753;rssi;70;rawcm;7880;rssicor;223;feicor;-1872;res;6231;corres;4891
cnt;8474;adr;0x77;fei;181753;rssi;70;rawcm;5498;rssicor;223;feicor;-1872;res;3849;corres;3078
cnt;8475;adr;0x55;fei;180141;rssi;64;rawcm;-1038;rssicor;221;feicor;-1855;res;-2671;corres;9446
cnt;8476;adr;0x66;fei;181753;rssi;73;rawcm;9672;rssicor;205;feicor;-1872;res;8005;corres;7156
cnt;8477;adr;0x77;fei;175305;rssi;71;rawcm;5805;rssicor;230;feicor;-1805;res;4230;corres;3316
cnt;8478;adr;0x55;fei;180141;rssi;69;rawcm;4989;rssicor;221;feicor;-1855;res;3355;corres;2760
cnt;8479;adr;0x66;fei;175305;rssi;73;rawcm;10301;rssicor;205;feicor;-1805;res;8701;corres;8160
cnt;8480;adr;0x77;fei;175305;rssi;60;rawcm;2807;rssicor;214;feicor;-1805;res;1216;corres;974
cnt;8481;adr;0x55;fei;180141;rssi;73;rawcm;5584;rssicor;205;feicor;-1855;res;3934;corres;3131
cnt;8482;adr;0x66;fei;180141;rssi;72;rawcm;8052;rssicor;219;feicor;-1855;res;6416;corres;5088
cnt;8483;adr;0x77;fei;180141;rssi;69;rawcm;4275;rssicor;221;feicor;-1855;res;2641;corres;2247
cnt;8484;adr;0x55;fei;180141;rssi;68;rawcm;3587;rssicor;226;feicor;-1855;res;1958;corres;1670
cnt;8485;adr;0x66;fei;180141;rssi;74;rawcm;9782;rssicor;207;feicor;-1855;res;8134;corres;7343
cnt;8486;adr;0x77;fei;180141;rssi;70;rawcm;5313;rssicor;223;feicor;-1855;res;3681;corres;2972
cnt;8487;adr;0x55;fei;180141;rssi;67;rawcm;4698;rssicor;223;feicor;-1855;res;3066;corres;2562
cnt;8488;adr;0x66;fei;180141;rssi;73;rawcm;9248;rssicor;205;feicor;-1855;res;7598;corres;6576
cnt;8489;adr;0x77;fei;180141;rssi;69;rawcm;5419;rssicor;221;feicor;-1855;res;3785;corres;3038
cnt;8490;adr;0x55;fei;180141;rssi;69;rawcm;4820;rssicor;221;feicor;-1855;res;3186;corres;2646
cnt;8491;adr;0x66;fei;180141;rssi;73;rawcm;9645;rssicor;205;feicor;-1855;res;7995;corres;7142
cnt;8492;adr;0x77;fei;181753;rssi;70;rawcm;4833;rssicor;223;feicor;-1872;res;3184;corres;2645
cnt;8493;adr;0x55;fei;180141;rssi;65;rawcm;2224;rssicor;216;feicor;-1855;res;585;corres;419
cnt;8494;adr;0x66;fei;181753;rssi;73;rawcm;10186;rssicor;205;feicor;-1872;res;8519;corres;7901
cnt;8495;adr;0x77;fei;181753;rssi;72;rawcm;5796;rssicor;219;feicor;-1872;res;4143;corres;3261
cnt;8496;adr;0x55;fei;180141;rssi;65;rawcm;4491;rssicor;216;feicor;-1855;res;2852;corres;2408
cnt;8497;adr;0x66;fei;176111;rssi;74;rawcm;9672;rssicor;207;feicor;-1813;res;8066;corres;7244
cnt;8498;adr;0x77;fei;176111;rssi;66;rawcm;5906;rssicor;223;feicor;-1813;res;4316;corres;3370
cnt;8499;adr;0x55;fei;179335;rssi;73;rawcm;5325;rssicor;205;feicor;-1847;res;3683;corres;2973
cnt;8500;adr;0x66;fei;176111;rssi;73;rawcm;9609;rssicor;205;feicor;-1813;res;8001;corres;7150
cnt;8501;adr;0x77;fei;176111;rssi;68;rawcm;5757;rssicor;226;feicor;-1813;res;4170;corres;3278
cnt;8502;adr;0x55;fei;179335;rssi;73;rawcm;6041;rssicor;205;feicor;-1847;res;4399;corres;3423
cnt;8503;adr;0x66;fei;176111;rssi;70;rawcm;8843;rssicor;223;feicor;-1813;res;7253;corres;6106
cnt;8504;adr;0x77;fei;176111;rssi;71;rawcm;4475;rssicor;230;feicor;-1813;res;2892;corres;2437
cnt;8505;adr;0x55;fei;179335;rssi;68;rawcm;2990;rssicor;226;feicor;-1847;res;1369;corres;1119
cnt;8506;adr;0x66;fei;176111;rssi;74;rawcm;10249;rssicor;207;feicor;-1813;res;8643;corres;8078
cnt;8507;adr;0x77;fei;176111;rssi;68;rawcm;5023;rssicor;226;feicor;-1813;res;3436;corres;2814
cnt;8508;adr;0x55;fei;179335;rssi;71;rawcm;6517;rssicor;230;feicor;-1847;res;4900;corres;3756
cnt;8509;adr;0x66;fei;176111;rssi;70;rawcm;9762;rssicor;223;feicor;-1813;res;8172;corres;7398
cnt;8510;adr;0x77;fei;176111;rssi;70;rawcm;5223;rssicor;223;feicor;-1813;res;3633;corres;2941
cnt;8511;adr;0x55;fei;179335;rssi;67;rawcm;5688;rssicor;223;feicor;-1847;res;4064;corres;3212
cnt;8512;adr;0x66;fei;180141;rssi;74;rawcm;9787;rssicor;207;feicor;-1855;res;8139;corres;7350
cnt;8513;adr;0x77;fei;180141;rssi;70;rawcm;5778;rssicor;223;feicor;-1855;res;4146;corres;3263
cnt;8514;adr;0x55;fei;179335;rssi;68;rawcm;3871;rssicor;226;feicor;-1847;res;2250;corres;1927
cnt;8515;adr;0x66;fei;180141;rssi;73;rawcm;9715;rssicor;205;feicor;-1855;res;8065;corres;7243
cnt;8516;adr;0x77;fei;180141;rssi;62;rawcm;5338;rssicor;205;feicor;-1855;res;3688;corres;2976
cnt;8517;adr;0x55;fei;179335;rssi;73;rawcm;4653;rssicor;205;feicor;-1847;res;3011;corres;2523
cnt;8518;adr;0x66;fei;180141;rssi;73;rawcm;9467;rssicor;205;feicor;-1855;res;7817;corres;6886
cnt;8519;adr;0x77;fei;180141;rssi;71;rawcm;5501;rssicor;230;feicor;-1855;res;3876;corres;3095
cnt;8520;adr;0x55;fei;179335;rssi;66;rawcm;5381;rssicor;223;feicor;-1847;res;3757;corres;3020
cnt;8521;adr;0x66;fei;180141;rssi;75;rawcm;10999;rssicor;228;feicor;-1855;res;9372;corres;9049
cnt;8522;adr;0x77;fei;180141;rssi;70;rawcm;4473;rssicor;223;feicor;-1855;res;2841;corres;2400
cnt;8523;adr;0x55;fei;179335;rssi;68;rawcm;5162;rssicor;226;feicor;-1847;res;3541;corres;2882
cnt;8524;adr;0x66;fei;180141;rssi;72;rawcm;11288;rssicor;219;feicor;-1855;res;9652;corres;9367
cnt;8525;adr;0x77;fei;175305;rssi;66;rawcm;5244;rssicor;223;feicor;-1805;res;3662;corres;2960
cnt;8526;adr;0x55;fei;179335;rssi;69;rawcm;6454;rssicor;221;feicor;-1847;res;4828;corres;3706
cnt;8527;adr;0x66;fei;175305;rssi;73;rawcm;9726;rssicor;205;feicor;-1805;res;8126;corres;7331
cnt;8528;adr;0x77;fei;175305;rssi;71;rawcm;5437;rssicor;230;feicor;-1805;res;3862;corres;3086
cnt;8529;adr;0x55;fei;179335;rssi;62;rawcm;21019;rssicor;205;feicor;-1847;res;19377;corres;19377
cnt;8530;adr;0x66;fei;175305;rssi;73;rawcm;8036;rssicor;205;feicor;-1805;res;6436;corres;5110
cnt;8531;adr;0x77;fei;175305;rssi;71;rawcm;5309;rssicor;230;feicor;-1805;res;3734;corres;3005
cnt;8532;adr;0x55;fei;179335;rssi;69;rawcm;5458;rssicor;221;feicor;-1847;res;3832;corres;3067
cnt;8533;adr;0x66;fei;175305;rssi;73;rawcm;10285;rssicor;205;feicor;-1805;res;8685;corres;8138
cnt;8534;adr;0x77;fei;175305;rssi;66;rawcm;5455;rssicor;223;feicor;-1805;res;3873;corres;3093
cnt;8535;adr;0x55;fei;179335;rssi;71;rawcm;3846;rssicor;230;feicor;-1847;res;2229;corres;1909
cnt;8536;adr;0x66;fei;174499;rssi;75;rawcm;10702;rssicor;228;feicor;-1797;res;9133;corres;8750
cnt;8537;adr;0x77;fei;174499;rssi;67;rawcm;4178;rssicor;223;feicor;-1797;res;2604;corres;2218
cnt;8538;adr;0x55;fei;179335;rssi;70;rawcm;5088;rssicor;223;feicor;-1847;res;3464;corres;2832
cnt;8539;adr;0x66;fei;174499;rssi;72;rawcm;9273;rssicor;219;feicor;-1797;res;7695;corres;6712
cnt;8540;adr;0x77;fei;180947;rssi;70;rawcm;4978;rssicor;223;feicor;-1863;res;3338;corres;2749
cnt;8541;adr;0x55;fei;179335;rssi;60;rawcm;4155;rssicor;214;feicor;-1847;res;2522;corres;2153
cnt;8542;adr;0x66;fei;180947;rssi;73;rawcm;9469;rssicor;205;feicor;-1863;res;7811;corres;6877
cnt;8543;adr;0x77;fei;180947;rssi;67;rawcm;3373;rssicor;223;feicor;-1863;res;1733;corres;1463
cnt;8544;adr;0x55;fei;179335;rssi;70;rawcm;5455;rssicor;223;feicor;-1847;res;3831;corres;3066
cnt;8545;adr;0x66;fei;180947;rssi;74;rawcm;10486;rssicor;207;feicor;-1863;res;8830;corres;8341
cnt;8546;adr;0x77;fei;180947;rssi;71;rawcm;5300;rssicor;230;feicor;-1863;res;3667;corres;2963
cnt;8547;adr;0x55;fei;180141;rssi;66;rawcm;4065;rssicor;223;feicor;-1855;res;2433;corres;2081
cnt;8548;adr;0x66;fei;180947;rssi;73;rawcm;9102;rssicor;205;feicor;-1863;res;7444;corres;6363
cnt;8549;adr;0x77;fei;180947;rssi;70;rawcm;4980;rssicor;223;feicor;-1863;res;3340;corres;2750
cnt;8550;adr;0x55;fei;180141;rssi;68;rawcm;5390;rssicor;226;feicor;-1855;res;3761;corres;3022
cnt;8551;adr;0x66;fei;180947;rssi;74;rawcm;9359;rssicor;207;feicor;-1863;res;7703;corres;6724
cnt;8552;adr;0x77;fei;180947;rssi;62;rawcm;3233;rssicor;205;feicor;-1863;res;1575;corres;1315
cnt;8553;adr;0x55;fei;180141;rssi;70;rawcm;3357;rssicor;223;feicor;-1855;res;1725;corres;1456
cnt;8554;adr;0x66;fei;175305;rssi;73;rawcm;9440;rssicor;205;feicor;-1805;res;7840;corres;6919
cnt;8555;adr;0x77;fei;175305;rssi;71;rawcm;4468;rssicor;230;feicor;-1805;res;2893;corres;2438
cnt;8556;adr;0x55;fei;180141;rssi;70;rawcm;5926;rssicor;223;feicor;-1855;res;4294;corres;3356
cnt;8557;adr;0x66;fei;175305;rssi;74;rawcm;10594;rssicor;207;feicor;-1805;res;8996;corres;8568
cnt;8558;adr;0x77;fei;175305;rssi;70;rawcm;4060;rssicor;223;feicor;-1805;res;2478;corres;2117
cnt;8559;adr;0x55;fei;179335;rssi;71;rawcm;6217;rssicor;230;feicor;-1847;res;4600;corres;3553
cnt;8560;adr;0x66;fei;175305;rssi;73;rawcm;9942;rssicor;205;feicor;-1805;res;8342;corres;7645
cnt;8561;adr;0x77;fei;175305;rssi;65;rawcm;4085;rssicor;216;feicor;-1805;res;2496;corres;2132
cnt;8562;adr;0x55;fei;179335;rssi;69;rawcm;6386;rssicor;221;feicor;-1847;res;4760;corres;3660
cnt;8563;adr;0x66;fei;175305;rssi;72;rawcm;8198;rssicor;219;feicor;-1805;res;6612;corres;5309
cnt;8564;adr;0x77;fei;175305;rssi;71;rawcm;5514;rssicor;230;feicor;-1805;res;3939;corres;3134
cnt;8565;adr;0x55;fei;179335;rssi;64;rawcm;1178;rssicor;221;feicor;-1847;res;-448;corres;82
cnt;8566;adr;0x66;fei;175305;rssi;75;rawcm;9654;rssicor;228;feicor;-1805;res;8077;corres;7260
cnt;8567;adr;0x77;fei;175305;rssi;70;rawcm;4491;rssicor;223;feicor;-1805;res;2909;corres;2450
cnt;8568;adr;0x55;fei;179335;rssi;69;rawcm;6377;rssicor;221;feicor;-1847;res;4751;corres;3654
cnt;8569;adr;0x66;fei;180947;rssi;74;rawcm;10774;rssicor;207;feicor;-1863;res;9118;corres;8730
cnt;8570;adr;0x77;fei;180947;rssi;60;rawcm;4054;rssicor;214;feicor;-1863;res;2405;corres;2058
cnt;8571;adr;0x55;fei;179335;rssi;70;rawcm;6219;rssicor;223;feicor;-1847;res;4595;corres;3550
cnt;8572;adr;0x66;fei;180947;rssi;73;rawcm;10251;rssicor;205;feicor;-1863;res;8593;corres;8007
cnt;8573;adr;0x55;fei;179335;rssi;70;rawcm;5663;rssicor;223;feicor;-1847;res;4039;corres;3196
cnt;8574;adr;0x66;fei;180947;rssi;70;rawcm;9007;rssicor;223;feicor;-1863;res;7367;corres;6258
cnt;8575;adr;0x77;fei;180947;rssi;70;rawcm;5284;rssicor;223;feicor;-1863;res;3644;corres;2948
cnt;8576;adr;0x55;fei;179335;rssi;67;rawcm;6625;rssicor;223;feicor;-1847;res;5001;corres;3828
cnt;8577;adr;0x66;fei;180947;rssi;71;rawcm;10021;rssicor;230;feicor;-1863;res;8388;corres;7712
cnt;8578;adr;0x77;fei;180947;rssi;68;rawcm;4358;rssicor;226;feicor;-1863;res;2721;corres;2309
cnt;8579;adr;0x55;fei;179335;rssi;67;rawcm;5476;rssicor;223;feicor;-1847;res;3852;corres;3080
cnt;8580;adr;0x66;fei;180947;rssi;74;rawcm;10652;rssicor;207;feicor;-1863;res;8996;corres;8568
cnt;8581;adr;0x77;fei;180947;rssi;71;rawcm;5190;rssicor;230;feicor;-1863;res;3557;corres;2892
cnt;8582;adr;0x55;fei;179335;rssi;68;rawcm;5300;rssicor;226;feicor;-1847;res;3679;corres;2971
cnt;8583;adr;0x66;fei;175305;rssi;74;rawcm;10436;rssicor;207;feicor;-1805;res;8838;corres;8352
cnt;8584;adr;0x77;fei;175305;rssi;69;rawcm;4040;rssicor;221;feicor;-1805;res;2456;corres;2099
cnt;8585;adr;0x55;fei;180947;rssi;71;rawcm;6708;rssicor;230;feicor;-1863;res;5075;corres;3881
cnt;8586;adr;0x66;fei;175305;rssi;73;rawcm;9760;rssicor;205;feicor;-1805;res;8160;corres;7381
cnt;8587;adr;0x77;fei;175305;rssi;63;rawcm;3837;rssicor;215;feicor;-1805;res;2247;corres;1925
cnt;8588;adr;0x55;fei;180947;rssi;69;rawcm;5079;rssicor;221;feicor;-1863;res;3437;corres;2814
cnt;8589;adr;0x66;fei;175305;rssi;72;rawcm;10010;rssicor;219;feicor;-1805;res;8424;corres;7764
cnt;8590;adr;0x77;fei;175305;rssi;71;rawcm;4590;rssicor;230;feicor;-1805;res;3015;corres;2526
cnt;8591;adr;0x55;fei;180947;rssi;70;rawcm;5431;rssicor;223;feicor;-1863;res;3791;corres;3041
cnt;8592;adr;0x66;fei;176111;rssi;72;rawcm;10760;rssicor;219;feicor;-1813;res;9166;corres;8792
cnt;8593;adr;0x77;fei;176111;rssi;70;rawcm;4689;rssicor;223;feicor;-1813;res;3099;corres;2586
cnt;8594;adr;0x55;fei;180947;rssi;69;rawcm;6373;rssicor;221;feicor;-1863;res;4731;corres;3640
cnt;8595;adr;0x66;fei;176111;rssi;71;rawcm;10508;rssicor;230;feicor;-1813;res;8925;corres;8472
cnt;8596;adr;0x77;fei;176111;rssi;66;rawcm;3614;rssicor;223;feicor;-1813;res;2024;corres;1730
cnt;8597;adr;0x55;fei;180947;rssi;69;rawcm;6265;rssicor;221;feicor;-1863;res;4623;corres;3568
cnt;8598;adr;0x66;fei;180141;rssi;73;rawcm;10510;rssicor;205;feicor;-1855;res;8860;corres;8383
cnt;8599;adr;0x77;fei;180141;rssi;71;rawcm;3686;rssicor;230;feicor;-1855;res;2061;corres;1763
cnt;8600;adr;0x55;fei;180947;rssi;68;rawcm;5733;rssicor;226;feicor;-1863;res;4096;corres;3232
cnt;8601;adr;0x66;fei;180141;rssi;75;rawcm;9956;rssicor;228;feicor;-1855;res;8329;corres;7626
cnt;8602;adr;0x77;fei;180141;rssi;69;rawcm;4423;rssicor;221;feicor;-1855;res;2789;corres;2361
cnt;8603;adr;0x55;fei;180947;rssi;69;rawcm;5451;rssicor;221;feicor;-1863;res;3809;corres;3053
cnt;8604;adr;0x66;fei;180141;rssi;72;rawcm;8405;rssicor;219;feicor;-1855;res;6769;corres;5493
cnt;8605;adr;0x77;fei;180141;rssi;67;rawcm;3799;rssicor;223;feicor;-1855;res;2167;corres;1856
cnt;8606;adr;0x55;fei;179335;rssi;69;rawcm;5244;rssicor;221;feicor;-1847;res;3618;corres;2932
cnt;8607;adr;0x66;fei;181753;rssi;72;rawcm;9372;rssicor;219;feicor;-1872;res;7719;corres;6746
cnt;8608;adr;0x77;fei;181753;rssi;70;rawcm;3973;rssicor;223;feicor;-1872;res;2324;corres;1990
cnt;8609;adr;0x55;fei;179335;rssi;71;rawcm;8047;rssicor;230;feicor;-1847;res;6430;corres;5104
cnt;8610;adr;0x66;fei;181753;rssi;73;rawcm;10143;rssicor;205;feicor;-1872;res;8476;corres;7839
cnt;8611;adr;0x77;fei;174499;rssi;71;rawcm;4822;rssicor;230;feicor;-1797;res;3255;corres;2693
cnt;8612;adr;0x55;fei;179335;rssi;67;rawcm;5814;rssicor;223;feicor;-1847;res;4190;corres;3291
cnt;8613;adr;0x66;fei;174499;rssi;67;rawcm;9537;rssicor;223;feicor;-1797;res;7963;corres;7095
cnt;8614;adr;0x77;fei;174499;rssi;65;rawcm;2839;rssicor;216;feicor;-1797;res;1258;corres;1014
cnt;8615;adr;0x55;fei;179335;rssi;67;rawcm;4608;rssicor;223;feicor;-1847;res;2984;corres;2504
cnt;8616;adr;0x66;fei;174499;rssi;70;rawcm;8493;rssicor;223;feicor;-1797;res;6919;corres;5676
cnt;8617;adr;0x77;fei;174499;rssi;71;rawcm;3909;rssicor;230;feicor;-1797;res;2342;corres;2005
cnt;8618;adr;0x55;fei;179335;rssi;65;rawcm;3089;rssicor;216;feicor;-1847;res;1458;corres;1204
cnt;8619;adr;0x66;fei;174499;rssi;74;rawcm;8836;rssicor;207;feicor;-1797;res;7246;corres;6096
cnt;8620;adr;0x77;fei;174499;rssi;68;rawcm;3468;rssicor;226;feicor;-1797;res;1897;corres;1615
cnt;8621;adr;0x55;fei;179335;rssi;71;rawcm;6328;rssicor;230;feicor;-1847;res;4711;corres;3627
cnt;8622;adr;0x66;fei;175305;rssi;73;rawcm;9665;rssicor;205;feicor;-1805;res;8065;corres;7243
cnt;8623;adr;0x77;fei;175305;rssi;60;rawcm;3558;rssicor;214;feicor;-1805;res;1967;corres;1678
cnt;8624;adr;0x55;fei;179335;rssi;70;rawcm;6754;rssicor;223;feicor;-1847;res;5130;corres;3922
cnt;8625;adr;0x66;fei;175305;rssi;74;rawcm;10244;rssicor;207;feicor;-1805;res;8646;corres;8082
cnt;8626;adr;0x77;fei;180947;rssi;68;rawcm;3605;rssicor;226;feicor;-1863;res;1968;corres;1679
cnt;8627;adr;0x55;fei;179335;rssi;70;rawcm;6285;rssicor;223;feicor;-1847;res;4661;corres;3593
cnt;8628;adr;0x66;fei;180947;rssi;73;rawcm;9737;rssicor;205;feicor;-1863;res;8079;corres;7263
cnt;8629;adr;0x77;fei;180947;rssi;71;rawcm;3477;rssicor;230;feicor;-1863;res;1844;corres;1566
cnt;8630;adr;0x55;fei;179335;rssi;68;rawcm;6143;rssicor;226;feicor;-1847;res;4522;corres;3502
cnt;8631;adr;0x66;fei;180947;rssi;71;rawcm;7056;rssicor;230;feicor;-1863;res;5423;corres;4149
cnt;8632;adr;0x77;fei;180947;rssi;58;rawcm;4178;rssicor;216;feicor;-1863;res;2531;corres;2160
cnt;8633;adr;0x55;fei;179335;rssi;71;rawcm;6643;rssicor;230;feicor;-1847;res;5026;corres;3846
cnt;8634;adr;0x66;fei;180947;rssi;70;rawcm;8144;rssicor;223;feicor;-1863;res;6504;corres;5186
cnt;8635;adr;0x77;fei;180947;rssi;72;rawcm;3716;rssicor;219;feicor;-1863;res;2072;corres;1772
cnt;8636;adr;0x55;fei;179335;rssi;67;rawcm;4040;rssicor;223;feicor;-1847;res;2416;corres;2067
cnt;8637;adr;0x66;fei;180947;rssi;75;rawcm;9715;rssicor;228;feicor;-1863;res;8080;corres;7265
cnt;8638;adr;0x77;fei;180947;rssi;69;rawcm;2675;rssicor;221;feicor;-1863;res;1033;corres;803
cnt;8639;adr;0x55;fei;179335;rssi;67;rawcm;8448;rssicor;223;feicor;-1847;res;6824;corres;5560
cnt;8640;adr;0x66;fei;177723;rssi;74;rawcm;9145;rssicor;207;feicor;-1830;res;7522;corres;6471
cnt;8641;adr;0x77;fei;177723;rssi;55;rawcm;5295;rssicor;237;feicor;-1830;res;3702;corres;2985
cnt;8642;adr;0x55;fei;179335;rssi;71;rawcm;4529;rssicor;230;feicor;-1847;res;2912;corres;2452
cnt;8643;adr;0x66;fei;177723;rssi;72;rawcm;8928;rssicor;219;feicor;-1830;res;7317;corres;6191
cnt;8644;adr;0x77;fei;177723;rssi;71;rawcm;4577;rssicor;230;feicor;-1830;res;2977;corres;2499
cnt;8645;adr;0x55;fei;179335;rssi;66;rawcm;4349;rssicor;223;feicor;-1847;res;2725;corres;2312
cnt;8646;adr;0x66;fei;177723;rssi;74;rawcm;9960;rssicor;207;feicor;-1830;res;8337;corres;7638
cnt;8647;adr;0x77;fei;177723;rssi;71;rawcm;4371;rssicor;230;feicor;-1830;res;2771;corres;2347
cnt;8648;adr;0x55;fei;179335;rssi;69;rawcm;5440;rssicor;221;feicor;-1847;res;3814;corres;3056
cnt;8649;adr;0x66;fei;177723;rssi;72;rawcm;9618;rssicor;219;feicor;-1830;res;8007;corres;7159
cnt;8650;adr;0x77;fei;176111;rssi;65;rawcm;5210;rssicor;216;feicor;-1813;res;3613;corres;2928
cnt;8651;adr;0x55;fei;179335;rssi;64;rawcm;3087;rssicor;221;feicor;-1847;res;1461;corres;1207
cnt;8652;adr;0x66;fei;176111;rssi;73;rawcm;8574;rssicor;205;feicor;-1813;res;6966;corres;5735
cnt;8653;adr;0x77;fei;176111;rssi;71;rawcm;3833;rssicor;230;feicor;-1813;res;2250;corres;1927
cnt;8654;adr;0x55;fei;179335;rssi;69;rawcm;7211;rssicor;221;feicor;-1847;res;5585;corres;4283
cnt;8655;adr;0x66;fei;180141;rssi;74;rawcm;9724;rssicor;207;feicor;-1855;res;8076;corres;7259
cnt;8656;adr;0x77;fei;180141;rssi;71;rawcm;4097;rssicor;230;feicor;-1855;res;2472;corres;2113
cnt;8657;adr;0x55;fei;179335;rssi;68;rawcm;6170;rssicor;226;feicor;-1847;res;4549;corres;3520
cnt;8658;adr;0x66;fei;180141;rssi;75;rawcm;10803;rssicor;228;feicor;-1855;res;9176;corres;8805
cnt;8659;adr;0x55;fei;179335;rssi;70;rawcm;7452;rssicor;223;feicor;-1847;res;5828;corres;4498
cnt;8660;adr;0x66;fei;180141;rssi;73;rawcm;8728;rssicor;205;feicor;-1855;res;7078;corres;5877
cnt;8661;adr;0x77;fei;180141;rssi;69;rawcm;3576;rssicor;221;feicor;-1855;res;1942;corres;1656
cnt;8662;adr;0x55;fei;177723;rssi;69;rawcm;5636;rssicor;221;feicor;-1830;res;4027;corres;3189
cnt;8663;adr;0x66;fei;180141;rssi;72;rawcm;9402;rssicor;219;feicor;-1855;res;7766;corres;6813
cnt;8664;adr;0x77;fei;181753;rssi;72;rawcm;3380;rssicor;219;feicor;-1872;res;1727;corres;1458
cnt;8665;adr;0x55;fei;177723;rssi;71;rawcm;5196;rssicor;230;feicor;-1830;res;3596;corres;2918
cnt;8666;adr;0x66;fei;181753;rssi;71;rawcm;10393;rssicor;230;feicor;-1872;res;8751;corres;8231
cnt;8667;adr;0x77;fei;181753;rssi;67;rawcm;3946;rssicor;223;feicor;-1872;res;2297;corres;1967
cnt;8668;adr;0x55;fei;177723;rssi;67;rawcm;6679;rssicor;223;feicor;-1830;res;5072;corres;3879
cnt;8669;adr;0x66;fei;173693;rssi;71;rawcm;8847;rssicor;230;feicor;-1789;res;7288;corres;6152
cnt;8670;adr;0x77;fei;173693;rssi;72;rawcm;4182;rssicor;219;feicor;-1789;res;2612;corres;2224
cnt;8671;adr;0x55;fei;179335;rssi;70;rawcm;5888;rssicor;223;feicor;-1847;res;4264;corres;3337
cnt;8672;adr;0x66;fei;173693;rssi;74;rawcm;9242;rssicor;207;feicor;-1789;res;7660;corres;6663
cnt;8673;adr;0x77;fei;173693;rssi;71;rawcm;3443;rssicor;230;feicor;-1789;res;1884;corres;1603
cnt;8674;adr;0x55;fei;179335;rssi;70;rawcm;7650;rssicor;223;feicor;-1847;res;6026;corres;4685
cnt;8675;adr;0x66;fei;173693;rssi;71;rawcm;8455;rssicor;230;feicor;-1789;res;6896;corres;5648
cnt;8676;adr;0x77;fei;173693;rssi;59;rawcm;5809;rssicor;223;feicor;-1789;res;4243;corres;3324
cnt;8677;adr;0x55;fei;179335;rssi;73;rawcm;6875;rssicor;205;feicor;-1847;res;5233;corres;3999
cnt;8678;adr;0x66;fei;172887;rssi;72;rawcm;8543;rssicor;219;feicor;-1780;res;6982;corres;5755
cnt;8679;adr;0x77;fei;172887;rssi;70;rawcm;2776;rssicor;223;feicor;-1780;res;1219;corres;977
cnt;8680;adr;0x55;fei;179335;rssi;70;rawcm;6339;rssicor;223;feicor;-1847;res;4715;corres;3629
cnt;8681;adr;0x66;fei;172887;rssi;70;rawcm;8360;rssicor;223;feicor;-1780;res;6803;corres;5534
cnt;8682;adr;0x77;fei;172887;rssi;74;rawcm;3684;rssicor;207;feicor;-1780;res;2111;corres;1807
cnt;8683;adr;0x55;fei;179335;rssi;72;rawcm;7166;rssicor;219;feicor;-1847;res;5538;corres;4243
cnt;8684;adr;0x66;fei;180141;rssi;70;rawcm;8969;rssicor;223;feicor;-1855;res;7337;corres;6218
cnt;8685;adr;0x77;fei;180141;rssi;57;rawcm;960;rssicor;223;feicor;-1855;res;-672;corres;207
cnt;8686;adr;0x55;fei;179335;rssi;69;rawcm;6431;rssicor;221;feicor;-1847;res;4805;corres;3690
cnt;8687;adr;0x66;fei;180141;rssi;72;rawcm;10055;rssicor;219;feicor;-1855;res;8419;corres;7757
cnt;8688;adr;0x77;fei;180141;rssi;71;rawcm;2918;rssicor;230;feicor;-1855;res;1293;corres;1047
cnt;8689;adr;0x55;fei;179335;rssi;67;rawcm;6280;rssicor;223;feicor;-1847;res;4656;corres;3590
cnt;8690;adr;0x66;fei;180141;rssi;75;rawcm;10211;rssicor;228;feicor;-1855;res;8584;corres;7994
cnt;8691;adr;0x77;fei;180141;rssi;73;rawcm;3224;rssicor;205;feicor;-1855;res;1574;corres;1314
cnt;8692;adr;0x55;fei;180141;rssi;68;rawcm;6657;rssicor;226;feicor;-1855;res;5028;corres;3847
cnt;8693;adr;0x66;fei;180141;rssi;75;rawcm;10364;rssicor;228;feicor;-1855;res;8737;corres;8211
cnt;8694;adr;0x77;fei;180141;rssi;54;rawcm;3405;rssicor;214;feicor;-1855;res;1764;corres;1492
cnt;8695;adr;0x55;fei;180141;rssi;70;rawcm;7878;rssicor;223;feicor;-1855;res;6246;corres;4907
cnt;8696;adr;0x66;fei;180141;rssi;72;rawcm;10715;rssicor;219;feicor;-1855;res;9079;corres;8679
cnt;8697;adr;0x77;fei;175305;rssi;70;rawcm;2972;rssicor;223;feicor;-1805;res;1390;corres;1139
cnt;8698;adr;0x55;fei;180141;rssi;69;rawcm;7423;rssicor;221;feicor;-1855;res;5789;corres;4462
cnt;8699;adr;0x66;fei;175305;rssi;71;rawcm;9519;rssicor;230;feicor;-1805;res;7944;corres;7068
cnt;8700;adr;0x77;fei;175305;rssi;73;rawcm;3265;rssicor;205;feicor;-1805;res;1665;corres;1400
cnt;8701;adr;0x55;fei;179335;rssi;69;rawcm;4818;rssicor;221;feicor;-1847;res;3192;corres;2650
cnt;8702;adr;0x66;fei;175305;rssi;66;rawcm;5911;rssicor;223;feicor;-1805;res;4329;corres;3378
cnt;8703;adr;0x77;fei;175305;rssi;60;rawcm;2483;rssicor;214;feicor;-1805;res;892;corres;676
cnt;8704;adr;0x55;fei;179335;rssi;66;rawcm;8142;rssicor;223;feicor;-1847;res;6518;corres;5202
cnt;8705;adr;0x66;fei;175305;rssi;71;rawcm;9607;rssicor;230;feicor;-1805;res;8032;corres;7195
cnt;8706;adr;0x77;fei;175305;rssi;71;rawcm;3087;rssicor;230;feicor;-1805;res;1512;corres;1255
cnt;8707;adr;0x55;fei;179335;rssi;69;rawcm;7238;rssicor;221;feicor;-1847;res;5612;corres;4306
cnt;8708;adr;0x66;fei;175305;rssi;70;rawcm;7015;rssicor;223;feicor;-1805;res;5433;corres;4157
cnt;8709;adr;0x77;fei;175305;rssi;72;rawcm;2875;rssicor;219;feicor;-1805;res;1289;corres;1043
cnt;8710;adr;0x55;fei;179335;rssi;66;rawcm;7263;rssicor;223;feicor;-1847;res;5639;corres;4329
cnt;8711;adr;0x66;fei;175305;rssi;70;rawcm;5591;rssicor;223;feicor;-1805;res;4009;corres;3178
cnt;8712;adr;0x77;fei;175305;rssi;65;rawcm;1800;rssicor;216;feicor;-1805;res;211;corres;174
cnt;8713;adr;0x55;fei;179335;rssi;66;rawcm;6319;rssicor;223;feicor;-1847;res;4695;corres;3616
cnt;8714;adr;0x66;fei;175305;rssi;72;rawcm;7797;rssicor;219;feicor;-1805;res;6211;corres;4871
cnt;8715;adr;0x77;fei;175305;rssi;68;rawcm;1509;rssicor;226;feicor;-1805;res;-70;corres;68
cnt;8716;adr;0x55;fei;179335;rssi;69;rawcm;7567;rssicor;221;feicor;-1847;res;5941;corres;4603
cnt;8717;adr;0x66;fei;175305;rssi;71;rawcm;7585;rssicor;230;feicor;-1805;res;6010;corres;4669
cnt;8718;adr;0x77;fei;175305;rssi;70;rawcm;2095;rssicor;223;feicor;-1805;res;513;corres;365
cnt;8719;adr;0x55;fei;179335;rssi;70;rawcm;7407;rssicor;223;feicor;-1847;res;5783;corres;4457
cnt;8720;adr;0x66;fei;175305;rssi;73;rawcm;11130;rssicor;205;feicor;-1805;res;9530;corres;9234
cnt;8721;adr;0x77;fei;175305;rssi;70;rawcm;4214;rssicor;223;feicor;-1805;res;2632;corres;2240
cnt;8722;adr;0x55;fei;179335;rssi;67;rawcm;9072;rssicor;223;feicor;-1847;res;7448;corres;6369
cnt;8723;adr;0x66;fei;181753;rssi;71;rawcm;7939;rssicor;230;feicor;-1872;res;6297;corres;4960
cnt;8724;adr;0x77;fei;181753;rssi;71;rawcm;4344;rssicor;230;feicor;-1872;res;2702;corres;2294
cnt;8725;adr;0x55;fei;179335;rssi;68;rawcm;8327;rssicor;226;feicor;-1847;res;6706;corres;5418
cnt;8726;adr;0x66;fei;175305;rssi;74;rawcm;9214;rssicor;207;feicor;-1805;res;7616;corres;6601
cnt;8727;adr;0x77;fei;175305;rssi;72;rawcm;4038;rssicor;219;feicor;-1805;res;2452;corres;2096
cnt;8728;adr;0x55;fei;179335;rssi;68;rawcm;9600;rssicor;226;feicor;-1847;res;7979;corres;7118
cnt;8729;adr;0x66;fei;175305;rssi;74;rawcm;11418;rssicor;207;feicor;-1805;res;9820;corres;9536
cnt;8730;adr;0x77;fei;175305;rssi;71;rawcm;2598;rssicor;230;feicor;-1805;res;1023;corres;794
cnt;8731;adr;0x55;fei;180947;rssi;67;rawcm;8480;rssicor;223;feicor;-1863;res;6840;corres;5579
cnt;8732;adr;0x66;fei;175305;rssi;70;rawcm;8624;rssicor;223;feicor;-1805;res;7042;corres;5831
cnt;8733;adr;0x77;fei;175305;rssi;71;rawcm;3152;rssicor;230;feicor;-1805;res;1577;corres;1317
cnt;8734;adr;0x55;fei;180947;rssi;66;rawcm;5663;rssicor;223;feicor;-1863;res;4023;corres;3186
cnt;8735;adr;0x66;fei;175305;rssi;71;rawcm;8588;rssicor;230;feicor;-1805;res;7013;corres;5794
cnt;8736;adr;0x77;fei;174499;rssi;76;rawcm;3502;rssicor;198;feicor;-1797;res;1903;corres;1620
cnt;8737;adr;0x55;fei;180947;rssi;69;rawcm;7211;rssicor;221;feicor;-1863;res;5569;corres;4269
cnt;8738;adr;0x66;fei;174499;rssi;67;rawcm;8108;rssicor;223;feicor;-1797;res;6534;corres;5220
cnt;8739;adr;0x77;fei;174499;rssi;73;rawcm;2506;rssicor;205;feicor;-1797;res;914;corres;695
cnt;8740;adr;0x55;fei;180947;rssi;62;rawcm;5712;rssicor;205;feicor;-1863;res;4054;corres;3206
cnt;8741;adr;0x66;fei;180947;rssi;67;rawcm;7860;rssicor;223;feicor;-1863;res;6220;corres;4880
cnt;8742;adr;0x77;fei;180947;rssi;71;rawcm;3574;rssicor;230;feicor;-1863;res;1941;corres;1655
cnt;8743;adr;0x55;fei;180947;rssi;68;rawcm;6781;rssicor;226;feicor;-1863;res;5144;corres;3932
cnt;8744;adr;0x66;fei;180947;rssi;74;rawcm;9794;rssicor;207;feicor;-1863;res;8138;corres;7349
cnt;8745;adr;0x55;fei;180947;rssi;66;rawcm;4930;rssicor;223;feicor;-1863;res;3290;corres;2717
cnt;8746;adr;0x66;fei;180947;rssi;71;rawcm;9122;rssicor;230;feicor;-1863;res;7489;corres;6425
cnt;8747;adr;0x77;fei;180947;rssi;73;rawcm;2796;rssicor;205;feicor;-1863;res;1138;corres;901
cnt;8748;adr;0x55;fei;180947;rssi;68;rawcm;5904;rssicor;226;feicor;-1863;res;4267;corres;3339
cnt;8749;adr;0x66;fei;180947;rssi;71;rawcm;9465;rssicor;230;feicor;-1863;res;7832;corres;6907
cnt;8750;adr;0x77;fei;181753;rssi;75;rawcm;2729;rssicor;228;feicor;-1872;res;1085;corres;851
cnt;8751;adr;0x55;fei;180947;rssi;66;rawcm;7984;rssicor;223;feicor;-1863;res;6344;corres;5010
cnt;8752;adr;0x66;fei;181753;rssi;74;rawcm;9593;rssicor;207;feicor;-1872;res;7928;corres;7045
cnt;8753;adr;0x77;fei;181753;rssi;76;rawcm;3078;rssicor;198;feicor;-1872;res;1404;corres;1152
cnt;8754;adr;0x55;fei;180947;rssi;69;rawcm;6456;rssicor;221;feicor;-1863;res;4814;corres;3696
cnt;8755;adr;0x66;fei;175305;rssi;66;rawcm;8180;rssicor;223;feicor;-1805;res;6598;corres;5292
cnt;8756;adr;0x77;fei;175305;rssi;77;rawcm;2846;rssicor;209;feicor;-1805;res;1250;corres;1006
cnt;8757;adr;0x66;fei;175305;rssi;71;rawcm;9814;rssicor;230;feicor;-1805;res;8239;corres;7495
cnt;8758;adr;0x77;fei;175305;rssi;77;rawcm;2898;rssicor;209;feicor;-1805;res;1302;corres;1055
cnt;8759;adr;0x55;fei;179335;rssi;67;rawcm;5888;rssicor;223;feicor;-1847;res;4264;corres;3337
cnt;8760;adr;0x66;fei;180947;rssi;74;rawcm;9485;rssicor;207;feicor;-1863;res;7829;corres;6903
cnt;8761;adr;0x77;fei;180947;rssi;78;rawcm;2675;rssicor;219;feicor;-1863;res;1031;corres;801
cnt;8762;adr;0x55;fei;179335;rssi;65;rawcm;6305;rssicor;216;feicor;-1847;res;4674;corres;3602
cnt;8763;adr;0x66;fei;175305;rssi;71;rawcm;8933;rssicor;230;feicor;-1805;res;7358;corres;6246
cnt;8764;adr;0x77;fei;175305;rssi;76;rawcm;3238;rssicor;198;feicor;-1805;res;1631;corres;1368
cnt;8765;adr;0x55;fei;179335;rssi;70;rawcm;8611;rssicor;223;feicor;-1847;res;6987;corres;5761
cnt;8766;adr;0x66;fei;175305;rssi;67;rawcm;6828;rssicor;223;feicor;-1805;res;5246;corres;4009
cnt;8767;adr;0x77;fei;175305;rssi;78;rawcm;2445;rssicor;219;feicor;-1805;res;859;corres;647
cnt;8768;adr;0x55;fei;179335;rssi;66;rawcm;7085;rssicor;223;feicor;-1847;res;5461;corres;4180
cnt;8769;adr;0x66;fei;180947;rssi;74;rawcm;9922;rssicor;207;feicor;-1863;res;8266;corres;7535
cnt;8770;adr;0x77;fei;180947;rssi;81;rawcm;2656;rssicor;310;feicor;-1863;res;1103;corres;868
cnt;8771;adr;0x55;fei;179335;rssi;68;rawcm;4921;rssicor;226;feicor;-1847;res;3300;corres;2724
cnt;8772;adr;0x66;fei;180947;rssi;68;rawcm;11633;rssicor;226;feicor;-1863;res;9996;corres;9692
cnt;8773;adr;0x77;fei;180947;rssi;78;rawcm;3477;rssicor;219;feicor;-1863;res;1833;corres;1556
cnt;8774;adr;0x55;fei;179335;rssi;63;rawcm;8836;rssicor;215;feicor;-1847;res;7204;corres;6041
cnt;8775;adr;0x66;fei;180947;rssi;69;rawcm;8714;rssicor;221;feicor;-1863;res;7072;corres;5869
cnt;8776;adr;0x77;fei;180947;rssi;81;rawcm;2404;rssicor;310;feicor;-1863;res;851;corres;639
cnt;8777;adr;0x55;fei;180141;rssi;67;rawcm;8016;rssicor;223;feicor;-1855;res;6384;corres;5054
cnt;8778;adr;0x66;fei;180947;rssi;73;rawcm;8626;rssicor;205;feicor;-1863;res;6968;corres;5737
cnt;8779;adr;0x77;fei;180947;rssi;82;rawcm;2508;rssicor;399;feicor;-1863;res;1044;corres;813
cnt;8780;adr;0x55;fei;180141;rssi;64;rawcm;4094;rssicor;221;feicor;-1855;res;2460;corres;2103
cnt;8781;adr;0x66;fei;180947;rssi;73;rawcm;11083;rssicor;205;feicor;-1863;res;9425;corres;9113
cnt;8782;adr;0x77;fei;175305;rssi;77;rawcm;2936;rssicor;209;feicor;-1805;res;1340;corres;1091
cnt;8783;adr;0x55;fei;180141;rssi;67;rawcm;7179;rssicor;223;feicor;-1855;res;5547;corres;4251
cnt;8784;adr;0x66;fei;175305;rssi;70;rawcm;11698;rssicor;223;feicor;-1805;res;10116;corres;10116
cnt;8785;adr;0x77;fei;175305;rssi;80;rawcm;2526;rssicor;280;feicor;-1805;res;1001;corres;774
cnt;8786;adr;0x55;fei;180141;rssi;63;rawcm;4649;rssicor;215;feicor;-1855;res;3009;corres;2522
cnt;8787;adr;0x66;fei;175305;rssi;72;rawcm;9496;rssicor;219;feicor;-1805;res;7910;corres;7019
cnt;8788;adr;0x77;fei;180947;rssi;81;rawcm;2670;rssicor;310;feicor;-1863;res;1117;corres;881
cnt;8789;adr;0x55;fei;180141;rssi;68;rawcm;6871;rssicor;226;feicor;-1855;res;5242;corres;4006
cnt;8790;adr;0x66;fei;180947;rssi;65;rawcm;7155;rssicor;216;feicor;-1863;res;5508;corres;4218
cnt;8791;adr;0x77;fei;180947;rssi;83;rawcm;2226;rssicor;388;feicor;-1863;res;751;corres;553
cnt;8792;adr;0x55;fei;180141;rssi;64;rawcm;6255;rssicor;221;feicor;-1855;res;4621;corres;3567
cnt;8793;adr;0x66;fei;175305;rssi;70;rawcm;11139;rssicor;223;feicor;-1805;res;9557;corres;9264
cnt;8794;adr;0x77;fei;175305;rssi;77;rawcm;2483;rssicor;209;feicor;-1805;res;887;corres;671
cnt;8795;adr;0x55;fei;180141;rssi;65;rawcm;7761;rssicor;216;feicor;-1855;res;6122;corres;4780
cnt;8796;adr;0x66;fei;175305;rssi;73;rawcm;9327;rssicor;205;feicor;-1805;res;7727;corres;6758
cnt;8797;adr;0x77;fei;180947;rssi;85;rawcm;2472;rssicor;460;feicor;-1863;res;1069;corres;836
cnt;8798;adr;0x55;fei;180141;rssi;63;rawcm;4779;rssicor;215;feicor;-1855;res;3139;corres;2614
cnt;8799;adr;0x66;fei;180947;rssi;71;rawcm;7975;rssicor;230;feicor;-1863;res;6342;corres;5008
cnt;8800;adr;0x77;fei;180947;rssi;77;rawcm;2560;rssicor;209;feicor;-1863;res;906;corres;688
cnt;8801;adr;0x55;fei;180141;rssi;65;rawcm;7092;rssicor;216;feicor;-1855;res;5453;corres;4173
cnt;8802;adr;0x66;fei;180947;rssi;64;rawcm;10792;rssicor;221;feicor;-1863;res;9150;corres;8772
cnt;8803;adr;0x77;fei;180947;rssi;77;rawcm;2742;rssicor;209;feicor;-1863;res;1088;corres;854
cnt;8804;adr;0x55;fei;179335;rssi;65;rawcm;6005;rssicor;216;feicor;-1847;res;4374;corres;3407
cnt;8805;adr;0x66;fei;180947;rssi;75;rawcm;10778;rssicor;228;feicor;-1863;res;9143;corres;8763
cnt;8806;adr;0x77;fei;180947;rssi;80;rawcm;2244;rssicor;280;feicor;-1863;res;661;corres;479
cnt;8807;adr;0x55;fei;179335;rssi;67;rawcm;8426;rssicor;223;feicor;-1847;res;6802;corres;5533
cnt;8808;adr;0x66;fei;180947;rssi;66;rawcm;9140;rssicor;223;feicor;-1863;res;7500;corres;6440
cnt;8809;adr;0x77;fei;180947;rssi;68;rawcm;1563;rssicor;226;feicor;-1863;res;-74;corres;67
cnt;8810;adr;0x55;fei;179335;rssi;62;rawcm;6506;rssicor;205;feicor;-1847;res;4864;corres;3731
cnt;8811;adr;0x66;fei;174499;rssi;67;rawcm;11279;rssicor;223;feicor;-1797;res;9705;corres;9422
cnt;8812;adr;0x77;fei;174499;rssi;77;rawcm;2900;rssicor;209;feicor;-1797;res;1312;corres;1065
cnt;8813;adr;0x55;fei;179335;rssi;62;rawcm;5327;rssicor;205;feicor;-1847;res;3685;corres;2974
cnt;8814;adr;0x66;fei;174499;rssi;75;rawcm;9843;rssicor;228;feicor;-1797;res;8274;corres;7546
cnt;8815;adr;0x77;fei;174499;rssi;81;rawcm;2152;rssicor;310;feicor;-1797;res;665;corres;482
cnt;8816;adr;0x55;fei;177723;rssi;64;rawcm;7921;rssicor;221;feicor;-1830;res;6312;corres;4976
cnt;8817;adr;0x66;fei;180947;rssi;70;rawcm;10005;rssicor;223;feicor;-1863;res;8365;corres;7678
cnt;8818;adr;0x77;fei;180947;rssi;61;rawcm;2309;rssicor;230;feicor;-1863;res;676;corres;491
cnt;8819;adr;0x55;fei;177723;rssi;68;rawcm;7265;rssicor;226;feicor;-1830;res;5661;corres;4348
cnt;8820;adr;0x66;fei;180947;rssi;66;rawcm;11107;rssicor;223;feicor;-1863;res;9467;corres;9162
cnt;8821;adr;0x77;fei;175305;rssi;70;rawcm;3069;rssicor;223;feicor;-1805;res;1487;corres;1231
cnt;8822;adr;0x55;fei;177723;rssi;63;rawcm;5280;rssicor;215;feicor;-1830;res;3665;corres;2962
cnt;8823;adr;0x66;fei;175305;rssi;67;rawcm;9354;rssicor;223;feicor;-1805;res;7772;corres;6822
cnt;8824;adr;0x77;fei;175305;rssi;78;rawcm;2517;rssicor;219;feicor;-1805;res;931;corres;710
cnt;8825;adr;0x55;fei;177723;rssi;70;rawcm;8369;rssicor;223;feicor;-1830;res;6762;corres;5485
cnt;8826;adr;0x66;fei;180947;rssi;70;rawcm;11597;rssicor;223;feicor;-1863;res;9957;corres;9659
cnt;8827;adr;0x77;fei;180947;rssi;78;rawcm;2478;rssicor;219;feicor;-1863;res;834;corres;625
cnt;8828;adr;0x55;fei;177723;rssi;61;rawcm;1780;rssicor;230;feicor;-1830;res;180;corres;158
cnt;8829;adr;0x66;fei;180947;rssi;69;rawcm;7810;rssicor;221;feicor;-1863;res;6168;corres;4827
cnt;8830;adr;0x77;fei;180947;rssi;77;rawcm;2582;rssicor;209;feicor;-1863;res;928;corres;708
cnt;8831;adr;0x55;fei;177723;rssi;65;rawcm;11189;rssicor;216;feicor;-1830;res;9575;corres;9284
cnt;8832;adr;0x66;fei;180947;rssi;73;rawcm;8038;rssicor;205;feicor;-1863;res;6380;corres;5049
cnt;8833;adr;0x77;fei;180947;rssi;78;rawcm;2478;rssicor;219;feicor;-1863;res;834;corres;625
cnt;8834;adr;0x55;fei;180947;rssi;63;rawcm;2814;rssicor;215;feicor;-1863;res;1166;corres;927
cnt;8835;adr;0x66;fei;180947;rssi;72;rawcm;9214;rssicor;219;feicor;-1863;res;7570;corres;6537
cnt;8836;adr;0x77;fei;181753;rssi;81;rawcm;1915;rssicor;310;feicor;-1872;res;353;corres;256
cnt;8837;adr;0x55;fei;180947;rssi;67;rawcm;7434;rssicor;223;feicor;-1863;res;5794;corres;4467
cnt;8838;adr;0x66;fei;181753;rssi;69;rawcm;11466;rssicor;221;feicor;-1872;res;9815;corres;9531
cnt;8839;adr;0x77;fei;181753;rssi;81;rawcm;2154;rssicor;310;feicor;-1872;res;592;corres;425
cnt;8840;adr;0x55;fei;180947;rssi;65;rawcm;9075;rssicor;216;feicor;-1863;res;7428;corres;6341
cnt;8841;adr;0x66;fei;175305;rssi;72;rawcm;9489;rssicor;219;feicor;-1805;res;7903;corres;7009
cnt;8842;adr;0x77;fei;175305;rssi;81;rawcm;2131;rssicor;310;feicor;-1805;res;636;corres;459
cnt;8843;adr;0x55;fei;178529;rssi;67;rawcm;10348;rssicor;223;feicor;-1838;res;8733;corres;8206
cnt;8844;adr;0x66;fei;175305;rssi;67;rawcm;10168;rssicor;223;feicor;-1805;res;8586;corres;7997
cnt;8845;adr;0x77;fei;175305;rssi;74;rawcm;1974;rssicor;207;feicor;-1805;res;376;corres;270
cnt;8846;adr;0x55;fei;178529;rssi;69;rawcm;7889;rssicor;221;feicor;-1838;res;6272;corres;4934
cnt;8847;adr;0x66;fei;175305;rssi;63;rawcm;9821;rssicor;215;feicor;-1805;res;8231;corres;7484
cnt;8848;adr;0x77;fei;175305;rssi;83;rawcm;1841;rssicor;388;feicor;-1805;res;424;corres;302
cnt;8849;adr;0x55;fei;178529;rssi;65;rawcm;8250;rssicor;216;feicor;-1838;res;6628;corres;5327
cnt;8850;adr;0x66;fei;176917;rssi;73;rawcm;9199;rssicor;205;feicor;-1822;res;7582;corres;6554
cnt;8851;adr;0x77;fei;176917;rssi;81;rawcm;2474;rssicor;310;feicor;-1822;res;962;corres;738
cnt;8852;adr;0x55;fei;178529;rssi;67;rawcm;10177;rssicor;223;feicor;-1838;res;8562;corres;7963
cnt;8853;adr;0x66;fei;176917;rssi;68;rawcm;9951;rssicor;226;feicor;-1822;res;8355;corres;7664
cnt;8854;adr;0x77;fei;176917;rssi;73;rawcm;2943;rssicor;205;feicor;-1822;res;1326;corres;1078
cnt;8855;adr;0x55;fei;178529;rssi;65;rawcm;6733;rssicor;216;feicor;-1838;res;5111;corres;3908
cnt;8856;adr;0x66;fei;180947;rssi;63;rawcm;10702;rssicor;215;feicor;-1863;res;9054;corres;8646
cnt;8857;adr;0x77;fei;180947;rssi;75;rawcm;1678;rssicor;228;feicor;-1863;res;43;corres;100
cnt;8858;adr;0x55;fei;178529;rssi;62;rawcm;4182;rssicor;205;feicor;-1838;res;2549;corres;2175
cnt;8859;adr;0x66;fei;180947;rssi;70;rawcm;7028;rssicor;223;feicor;-1863;res;5388;corres;4120
cnt;8860;adr;0x77;fei;180947;rssi;80;rawcm;2395;rssicor;280;feicor;-1863;res;812;corres;606
cnt;8861;adr;0x55;fei;178529;rssi;65;rawcm;3619;rssicor;216;feicor;-1838;res;1997;corres;1705
cnt;8862;adr;0x66;fei;180947;rssi;69;rawcm;10260;rssicor;221;feicor;-1863;res;8618;corres;8043
cnt;8863;adr;0x77;fei;180947;rssi;81;rawcm;1543;rssicor;310;feicor;-1863;res;-10;corres;83
cnt;8864;adr;0x66;fei;180947;rssi;65;rawcm;11560;rssicor;216;feicor;-1863;res;9913;corres;9621
cnt;8865;adr;0x77;fei;180947;rssi;81;rawcm;1724;rssicor;310;feicor;-1863;res;171;corres;154
cnt;8866;adr;0x55;fei;180141;rssi;64;rawcm;6974;rssicor;221;feicor;-1855;res;5340;corres;4082
cnt;8867;adr;0x66;fei;180947;rssi;72;rawcm;9613;rssicor;219;feicor;-1863;res;7969;corres;7104
cnt;8868;adr;0x77;fei;174499;rssi;81;rawcm;2025;rssicor;310;feicor;-1797;res;538;corres;384
cnt;8869;adr;0x55;fei;180141;rssi;64;rawcm;9190;rssicor;221;feicor;-1855;res;7556;corres;6518
cnt;8870;adr;0x66;fei;174499;rssi;70;rawcm;9600;rssicor;223;feicor;-1797;res;8026;corres;7186
cnt;8871;adr;0x77;fei;174499;rssi;85;rawcm;1545;rssicor;460;feicor;-1797;res;208;corres;173
cnt;8872;adr;0x55;fei;179335;rssi;69;rawcm;9706;rssicor;221;feicor;-1847;res;8080;corres;7265
cnt;8873;adr;0x66;fei;174499;rssi;62;rawcm;9113;rssicor;205;feicor;-1797;res;7521;corres;6469
cnt;8874;adr;0x77;fei;181753;rssi;82;rawcm;1451;rssicor;399;feicor;-1872;res;-22;corres;80
cnt;8875;adr;0x55;fei;179335;rssi;68;rawcm;9244;rssicor;226;feicor;-1847;res;7623;corres;6611
cnt;8876;adr;0x66;fei;181753;rssi;70;rawcm;11051;rssicor;223;feicor;-1872;res;9402;corres;9085
cnt;8877;adr;0x77;fei;181753;rssi;82;rawcm;1606;rssicor;399;feicor;-1872;res;133;corres;136
cnt;8878;adr;0x55;fei;179335;rssi;67;rawcm;8707;rssicor;223;feicor;-1847;res;7083;corres;5884
cnt;8879;adr;0x66;fei;175305;rssi;66;rawcm;7294;rssicor;223;feicor;-1805;res;5712;corres;4393
cnt;8880;adr;0x77;fei;175305;rssi;80;rawcm;2201;rssicor;280;feicor;-1805;res;676;corres;491
cnt;8881;adr;0x55;fei;179335;rssi;67;rawcm;11826;rssicor;223;feicor;-1847;res;10202;corres;10202
cnt;8882;adr;0x66;fei;175305;rssi;63;rawcm;4090;rssicor;215;feicor;-1805;res;2500;corres;2135
cnt;8883;adr;0x77;fei;181753;rssi;85;rawcm;1390;rssicor;460;feicor;-1872;res;-22;corres;80
cnt;8884;adr;0x55;fei;179335;rssi;65;rawcm;7729;rssicor;216;feicor;-1847;res;6098;corres;4756
cnt;8885;adr;0x66;fei;181753;rssi;72;rawcm;9864;rssicor;219;feicor;-1872;res;8211;corres;7455
cnt;8886;adr;0x77;fei;181753;rssi;81;rawcm;1568;rssicor;310;feicor;-1872;res;6;corres;88
cnt;8887;adr;0x55;fei;179335;rssi;64;rawcm;9379;rssicor;221;feicor;-1847;res;7753;corres;6795
cnt;8888;adr;0x66;fei;181753;rssi;71;rawcm;8660;rssicor;230;feicor;-1872;res;7018;corres;5801
cnt;8889;adr;0x77;fei;181753;rssi;78;rawcm;1829;rssicor;219;feicor;-1872;res;176;corres;157
cnt;8890;adr;0x55;fei;179335;rssi;65;rawcm;9278;rssicor;216;feicor;-1847;res;7647;corres;6645
cnt;8891;adr;0x66;fei;181753;rssi;65;rawcm;9413;rssicor;216;feicor;-1872;res;7757;corres;6800
cnt;8892;adr;0x77;fei;181753;rssi;84;rawcm;1588;rssicor;468;feicor;-1872;res;184;corres;160
cnt;8893;adr;0x55;fei;179335;rssi;66;rawcm;10589;rssicor;223;feicor;-1847;res;8965;corres;8526
cnt;8894;adr;0x66;fei;180141;rssi;65;rawcm;7986;rssicor;216;feicor;-1855;res;6347;corres;5014
cnt;8895;adr;0x77;fei;180141;rssi;80;rawcm;1611;rssicor;280;feicor;-1855;res;36;corres;98
cnt;8896;adr;0x55;fei;179335;rssi;68;rawcm;10325;rssicor;226;feicor;-1847;res;8704;corres;8165
cnt;8897;adr;0x66;fei;174499;rssi;66;rawcm;4996;rssicor;223;feicor;-1797;res;3422;corres;2805
cnt;8898;adr;0x77;fei;174499;rssi;81;rawcm;1717;rssicor;310;feicor;-1797;res;230;corres;184
cnt;8899;adr;0x55;fei;179335;rssi;62;rawcm;8649;rssicor;205;feicor;-1847;res;7007;corres;5787
cnt;8900;adr;0x66;fei;174499;rssi;65;rawcm;7486;rssicor;216;feicor;-1797;res;5905;corres;4569
cnt;8901;adr;0x77;fei;174499;rssi;81;rawcm;1250;rssicor;310;feicor;-1797;res;-237;corres;48
cnt;8902;adr;0x55;fei;180141;rssi;61;rawcm;7047;rssicor;230;feicor;-1855;res;5422;corres;4148
cnt;8903;adr;0x66;fei;180947;rssi;69;rawcm;9048;rssicor;221;feicor;-1863;res;7406;corres;6311
cnt;8904;adr;0x77;fei;180947;rssi;80;rawcm;1388;rssicor;280;feicor;-1863;res;-195;corres;49
cnt;8905;adr;0x55;fei;180141;rssi;59;rawcm;7457;rssicor;223;feicor;-1855;res;5825;corres;4495
cnt;8906;adr;0x66;fei;180947;rssi;69;rawcm;9016;rssicor;221;feicor;-1863;res;7374;corres;6268
cnt;8907;adr;0x77;fei;175305;rssi;81;rawcm;1424;rssicor;310;feicor;-1805;res;-71;corres;67
cnt;8908;adr;0x55;fei;180141;rssi;64;rawcm;6977;rssicor;221;feicor;-1855;res;5343;corres;4085
cnt;8909;adr;0x66;fei;175305;rssi;72;rawcm;12394;rssicor;219;feicor;-1805;res;10808;corres;10808
cnt;8910;adr;0x77;fei;175305;rssi;90;rawcm;1370;rssicor;473;feicor;-1805;res;38;corres;99
cnt;8911;adr;0x55;fei;180141;rssi;64;rawcm;8599;rssicor;221;feicor;-1855;res;6965;corres;5734
cnt;8912;adr;0x66;fei;181753;rssi;67;rawcm;8029;rssicor;223;feicor;-1872;res;6380;corres;5049
cnt;8913;adr;0x77;fei;181753;rssi;91;rawcm;1284;rssicor;482;feicor;-1872;res;-106;corres;60
cnt;8914;adr;0x55;fei;180141;rssi;65;rawcm;6334;rssicor;216;feicor;-1855;res;4695;corres;3616
cnt;8915;adr;0x66;fei;181753;rssi;70;rawcm;9005;rssicor;223;feicor;-1872;res;7356;corres;6244
cnt;8916;adr;0x77;fei;181753;rssi;80;rawcm;1165;rssicor;280;feicor;-1872;res;-427;corres;76
cnt;8917;adr;0x55;fei;180141;rssi;66;rawcm;13298;rssicor;223;feicor;-1855;res;11666;corres;11666
cnt;8918;adr;0x66;fei;181753;rssi;65;rawcm;5377;rssicor;216;feicor;-1872;res;3721;corres;2997
cnt;8919;adr;0x77;fei;181753;rssi;81;rawcm;1543;rssicor;310;feicor;-1872;res;-19;corres;81
cnt;8920;adr;0x55;fei;180141;rssi;64;rawcm;11995;rssicor;221;feicor;-1855;res;10361;corres;10361
cnt;8921;adr;0x66;fei;181753;rssi;67;rawcm;6206;rssicor;223;feicor;-1872;res;4557;corres;3525
cnt;8922;adr;0x77;fei;180141;rssi;93;rawcm;957;rssicor;500;feicor;-1855;res;-398;corres;68
cnt;8923;adr;0x55;fei;180141;rssi;66;rawcm;8676;rssicor;223;feicor;-1855;res;7044;corres;5834
cnt;8924;adr;0x66;fei;180141;rssi;71;rawcm;10024;rssicor;230;feicor;-1855;res;8399;corres;7728
cnt;8925;adr;0x77;fei;180141;rssi;97;rawcm;1088;rssicor;660;feicor;-1855;res;-107;corres;60
cnt;8926;adr;0x55;fei;180141;rssi;61;rawcm;8011;rssicor;230;feicor;-1855;res;6386;corres;5056
cnt;8927;adr;0x66;fei;175305;rssi;67;rawcm;5575;rssicor;223;feicor;-1805;res;3993;corres;3168
cnt;8928;adr;0x77;fei;175305;rssi;98;rawcm;1176;rssicor;720;feicor;-1805;res;91;corres;119
cnt;8929;adr;0x55;fei;180947;rssi;65;rawcm;8234;rssicor;216;feicor;-1863;res;6587;corres;5280
cnt;8930;adr;0x66;fei;175305;rssi;68;rawcm;11096;rssicor;226;feicor;-1805;res;9517;corres;9219
cnt;8931;adr;0x77;fei;175305;rssi;96;rawcm;1144;rssicor;621;feicor;-1805;res;-40;corres;75
cnt;8932;adr;0x55;fei;180947;rssi;64;rawcm;6900;rssicor;221;feicor;-1863;res;5258;corres;4018
cnt;8933;adr;0x66;fei;181753;rssi;65;rawcm;7385;rssicor;216;feicor;-1872;res;5729;corres;4408
cnt;8934;adr;0x77;fei;181753;rssi;102;rawcm;1065;rssicor;782;feicor;-1872;res;-25;corres;79
cnt;8935;adr;0x55;fei;180947;rssi;65;rawcm;2961;rssicor;216;feicor;-1863;res;1314;corres;1067
cnt;8936;adr;0x66;fei;175305;rssi;70;rawcm;10887;rssicor;223;feicor;-1805;res;9305;corres;8968
cnt;8937;adr;0x77;fei;175305;rssi;103;rawcm;1122;rssicor;763;feicor;-1805;res;80;corres;114
cnt;8938;adr;0x55;fei;180947;rssi;65;rawcm;7518;rssicor;216;feicor;-1863;res;5871;corres;4537
cnt;8939;adr;0x66;fei;175305;rssi;63;rawcm;4417;rssicor;215;feicor;-1805;res;2827;corres;2389
cnt;8940;adr;0x77;fei;175305;rssi;104;rawcm;1000;rssicor;768;feicor;-1805;res;-37;corres;76
cnt;8941;adr;0x55;fei;180947;rssi;68;rawcm;8813;rssicor;226;feicor;-1863;res;7176;corres;6004
cnt;8942;adr;0x66;fei;180947;rssi;69;rawcm;10564;rssicor;221;feicor;-1863;res;8922;corres;8468
cnt;8943;adr;0x77;fei;180947;rssi;105;rawcm;847;rssicor;728;feicor;-1863;res;-288;corres;50
cnt;8944;adr;0x55;fei;180947;rssi;70;rawcm;11409;rssicor;223;feicor;-1863;res;9769;corres;9486
cnt;8945;adr;0x66;fei;180947;rssi;68;rawcm;4982;rssicor;226;feicor;-1863;res;3345;corres;2754
cnt;8946;adr;0x77;fei;174499;rssi;107;rawcm;1246;rssicor;754;feicor;-1797;res;203;corres;170
cnt;8947;adr;0x55;fei;180947;rssi;64;rawcm;5467;rssicor;221;feicor;-1863;res;3825;corres;3063
cnt;8948;adr;0x66;fei;174499;rssi;71;rawcm;6934;rssicor;230;feicor;-1797;res;5367;corres;4104
cnt;8949;adr;0x77;fei;174499;rssi;106;rawcm;793;rssicor;743;feicor;-1797;res;-261;corres;48
cnt;8950;adr;0x55;fei;179335;rssi;68;rawcm;10648;rssicor;226;feicor;-1847;res;9027;corres;8610
cnt;8951;adr;0x66;fei;180947;rssi;73;rawcm;9298;rssicor;205;feicor;-1863;res;7640;corres;6635
cnt;8952;adr;0x77;fei;180947;rssi;108;rawcm;905;rssicor;759;feicor;-1863;res;-199;corres;49
cnt;8953;adr;0x55;fei;179335;rssi;71;rawcm;8345;rssicor;230;feicor;-1847;res;6728;corres;5444
cnt;8954;adr;0x66;fei;180947;rssi;72;rawcm;9167;rssicor;219;feicor;-1863;res;7523;corres;6472
cnt;8955;adr;0x77;fei;175305;rssi;108;rawcm;955;rssicor;759;feicor;-1805;res;-91;corres;63
cnt;8956;adr;0x55;fei;179335;rssi;74;rawcm;9097;rssicor;207;feicor;-1847;res;7457;corres;6381
cnt;8957;adr;0x66;fei;175305;rssi;72;rawcm;9704;rssicor;219;feicor;-1805;res;8118;corres;7320
cnt;8958;adr;0x77;fei;175305;rssi;106;rawcm;890;rssicor;743;feicor;-1805;res;-172;corres;51
cnt;8959;adr;0x55;fei;180141;rssi;74;rawcm;8933;rssicor;207;feicor;-1855;res;7285;corres;6148
cnt;8960;adr;0x66;fei;175305;rssi;71;rawcm;7644;rssicor;230;feicor;-1805;res;6069;corres;4727
cnt;8961;adr;0x77;fei;181753;rssi;104;rawcm;1043;rssicor;768;feicor;-1872;res;-61;corres;70
cnt;8962;adr;0x55;fei;180141;rssi;74;rawcm;8088;rssicor;207;feicor;-1855;res;6440;corres;5115
cnt;8963;adr;0x66;fei;181753;rssi;66;rawcm;4565;rssicor;223;feicor;-1872;res;2916;corres;2455
cnt;8964;adr;0x77;fei;181753;rssi;103;rawcm;707;rssicor;763;feicor;-1872;res;-402;corres;69
cnt;8965;adr;0x55;fei;180141;rssi;71;rawcm;7308;rssicor;230;feicor;-1855;res;5683;corres;4368
cnt;8966;adr;0x66;fei;175305;rssi;64;rawcm;6312;rssicor;221;feicor;-1805;res;4728;corres;3638
cnt;8967;adr;0x77;fei;175305;rssi;101;rawcm;1088;rssicor;791;feicor;-1805;res;74;corres;112
cnt;8968;adr;0x55;fei;180141;rssi;75;rawcm;9066;rssicor;228;feicor;-1855;res;7439;corres;6356
cnt;8969;adr;0x66;fei;175305;rssi;67;rawcm;9767;rssicor;223;feicor;-1805;res;8185;corres;7417
cnt;8970;adr;0x77;fei;180947;rssi;99;rawcm;732;rssicor;743;feicor;-1863;res;-388;corres;65
cnt;8971;adr;0x55;fei;180141;rssi;76;rawcm;9717;rssicor;198;feicor;-1855;res;8060;corres;7236
cnt;8972;adr;0x66;fei;180947;rssi;66;rawcm;10150;rssicor;223;feicor;-1863;res;8510;corres;7888
cnt;8973;adr;0x77;fei;180947;rssi;96;rawcm;863;rssicor;621;feicor;-1863;res;-379;corres;63
cnt;8974;adr;0x55;fei;180141;rssi;75;rawcm;9244;rssicor;228;feicor;-1855;res;7617;corres;6603
cnt;8975;adr;0x66;fei;180947;rssi;68;rawcm;9287;rssicor;226;feicor;-1863;res;7650;corres;6649
cnt;8976;adr;0x77;fei;180947;rssi;96;rawcm;953;rssicor;621;feicor;-1863;res;-289;corres;50
cnt;8977;adr;0x55;fei;179335;rssi;74;rawcm;9568;rssicor;207;feicor;-1847;res;7928;corres;7045
cnt;8978;adr;0x66;fei;180947;rssi;66;rawcm;9275;rssicor;223;feicor;-1863;res;7635;corres;6628
cnt;8979;adr;0x77;fei;180947;rssi;91;rawcm;1135;rssicor;482;feicor;-1863;res;-246;corres;48
cnt;8980;adr;0x55;fei;179335;rssi;77;rawcm;9503;rssicor;209;feicor;-1847;res;7865;corres;6954
cnt;8981;adr;0x66;fei;180947;rssi;62;rawcm;11247;rssicor;205;feicor;-1863;res;9589;corres;9299
cnt;8982;adr;0x77;fei;180947;rssi;97;rawcm;813;rssicor;660;feicor;-1863;res;-390;corres;66
cnt;8983;adr;0x55;fei;179335;rssi;76;rawcm;8845;rssicor;198;feicor;-1847;res;7196;corres;6030
cnt;8984;adr;0x66;fei;175305;rssi;62;rawcm;11779;rssicor;205;feicor;-1805;res;10179;corres;10179
cnt;8985;adr;0x77;fei;175305;rssi;100;rawcm;1149;rssicor;761;feicor;-1805;res;105;corres;124
cnt;8986;adr;0x55;fei;179335;rssi;72;rawcm;8692;rssicor;219;feicor;-1847;res;7064;corres;5859
cnt;8987;adr;0x66;fei;175305;rssi;54;rawcm;10461;rssicor;214;feicor;-1805;res;8870;corres;8396
cnt;8988;adr;0x77;fei;175305;rssi;96;rawcm;1061;rssicor;621;feicor;-1805;res;-123;corres;57
cnt;8989;adr;0x55;fei;179335;rssi;72;rawcm;9447;rssicor;219;feicor;-1847;res;7819;corres;6889
cnt;8990;adr;0x66;fei;181753;rssi;61;rawcm;11554;rssicor;230;feicor;-1872;res;9912;corres;9620
cnt;8991;adr;0x77;fei;181753;rssi;80;rawcm;1000;rssicor;280;feicor;-1872;res;-592;corres;151
cnt;8992;adr;0x55;fei;179335;rssi;72;rawcm;9316;rssicor;219;feicor;-1847;res;7688;corres;6703
cnt;8993;adr;0x66;fei;181753;rssi;60;rawcm;10238;rssicor;214;feicor;-1872;res;8580;corres;7988
cnt;8994;adr;0x77;fei;175305;rssi;81;rawcm;1406;rssicor;310;feicor;-1805;res;-89;corres;63
cnt;8995;adr;0x55;fei;179335;rssi;71;rawcm;8946;rssicor;230;feicor;-1847;res;7329;corres;6207
cnt;8996;adr;0x66;fei;175305;rssi;53;rawcm;4365;rssicor;219;feicor;-1805;res;2779;corres;2353
cnt;8997;adr;0x77;fei;175305;rssi;80;rawcm;1383;rssicor;280;feicor;-1805;res;-142;corres;55
cnt;8998;adr;0x55;fei;179335;rssi;71;rawcm;9505;rssicor;230;feicor;-1847;res;7888;corres;6987
cnt;8999;adr;0x66;fei;129363;rssi;55;rawcm;11953;rssicor;237;feicor;-1332;res;10858;corres;10858
cnt;9000;adr;0x77;fei;129363;rssi;91;rawcm;1081;rssicor;482;feicor;-1332;res;231;corres;185
cnt;9001;adr;0x55;fei;179335;rssi;73;rawcm;10224;rssicor;205;feicor;-1847;res;8582;corres;7991
cnt;9002;adr;0x66;fei;129363;rssi;54;rawcm;9093;rssicor;214;feicor;-1332;res;7975;corres;7113
cnt;9003;adr;0x77;fei;129363;rssi;81;rawcm;1108;rssicor;310;feicor;-1332;res;86;corres;117
cnt;9004;adr;0x55;fei;179335;rssi;71;rawcm;9636;rssicor;230;feicor;-1847;res;8019;corres;7176
cnt;9005;adr;0x66;fei;175305;rssi;58;rawcm;13517;rssicor;216;feicor;-1805;res;11928;corres;11928
cnt;9006;adr;0x77;fei;175305;rssi;81;rawcm;1385;rssicor;310;feicor;-1805;res;-110;corres;60
cnt;9007;adr;0x55;fei;179335;rssi;70;rawcm;8784;rssicor;223;feicor;-1847;res;7160;corres;5983
cnt;9008;adr;0x66;fei;175305;rssi;62;rawcm;12360;rssicor;205;feicor;-1805;res;10760;corres;10760
cnt;9009;adr;0x77;fei;180947;rssi;81;rawcm;1232;rssicor;310;feicor;-1863;res;-321;corres;53
cnt;9010;adr;0x55;fei;179335;rssi;69;rawcm;8484;rssicor;221;feicor;-1847;res;6858;corres;5601
cnt;9011;adr;0x66;fei;180947;rssi;65;rawcm;10639;rssicor;216;feicor;-1863;res;8992;corres;8563
cnt;9012;adr;0x77;fei;180947;rssi;81;rawcm;1045;rssicor;310;feicor;-1863;res;-508;corres;106
cnt;9013;adr;0x55;fei;179335;rssi;70;rawcm;9183;rssicor;223;feicor;-1847;res;7559;corres;6522
cnt;9014;adr;0x66;fei;176111;rssi;66;rawcm;12268;rssicor;223;feicor;-1813;res;10678;corres;10678
cnt;9015;adr;0x77;fei;176111;rssi;81;rawcm;1156;rssicor;310;feicor;-1813;res;-347;corres;57
cnt;9016;adr;0x55;fei;180947;rssi;70;rawcm;9676;rssicor;223;feicor;-1863;res;8036;corres;7201
cnt;9017;adr;0x66;fei;176111;rssi;66;rawcm;12978;rssicor;223;feicor;-1813;res;11388;corres;11388
cnt;9018;adr;0x77;fei;176111;rssi;90;rawcm;960;rssicor;473;feicor;-1813;res;-380;corres;63
cnt;9019;adr;0x55;fei;180947;rssi;72;rawcm;9127;rssicor;219;feicor;-1863;res;7483;corres;6417
cnt;9020;adr;0x66;fei;180141;rssi;65;rawcm;13325;rssicor;216;feicor;-1855;res;11686;corres;11686
cnt;9021;adr;0x77;fei;180141;rssi;81;rawcm;1070;rssicor;310;feicor;-1855;res;-475;corres;92
cnt;9022;adr;0x55;fei;180947;rssi;72;rawcm;8849;rssicor;219;feicor;-1863;res;7205;corres;6042
cnt;9023;adr;0x66;fei;176111;rssi;63;rawcm;13918;rssicor;215;feicor;-1813;res;12320;corres;12320
cnt;9024;adr;0x77;fei;176111;rssi;77;rawcm;1361;rssicor;209;feicor;-1813;res;-243;corres;48
cnt;9025;adr;0x66;fei;176111;rssi;63;rawcm;14506;rssicor;215;feicor;-1813;res;12908;corres;12908
cnt;9026;adr;0x77;fei;176111;rssi;89;rawcm;1397;rssicor;461;feicor;-1813;res;45;corres;101
cnt;9027;adr;0x55;fei;179335;rssi;72;rawcm;8793;rssicor;219;feicor;-1847;res;7165;corres;5990
cnt;9028;adr;0x66;fei;181753;rssi;64;rawcm;12115;rssicor;221;feicor;-1872;res;10464;corres;10464
cnt;9029;adr;0x77;fei;181753;rssi;80;rawcm;1259;rssicor;280;feicor;-1872;res;-333;corres;55
cnt;9030;adr;0x55;fei;179335;rssi;72;rawcm;8642;rssicor;219;feicor;-1847;res;7014;corres;5796
cnt;9031;adr;0x66;fei;181753;rssi;65;rawcm;13255;rssicor;216;feicor;-1872;res;11599;corres;11599
cnt;9032;adr;0x77;fei;175305;rssi;81;rawcm;1527;rssicor;310;feicor;-1805;res;32;corres;97
cnt;9033;adr;0x55;fei;179335;rssi;73;rawcm;8777;rssicor;205;feicor;-1847;res;7135;corres;5951
cnt;9034;adr;0x66;fei;175305;rssi;65;rawcm;12813;rssicor;216;feicor;-1805;res;11224;corres;11224
cnt;9035;adr;0x77;fei;175305;rssi;96;rawcm;1167;rssicor;621;feicor;-1805;res;-17;corres;81
cnt;9036;adr;0x55;fei;179335;rssi;74;rawcm;9018;rssicor;207;feicor;-1847;res;7378;corres;6273
cnt;9037;adr;0x66;fei;179335;rssi;67;rawcm;13746;rssicor;223;feicor;-1847;res;12122;corres;12122
cnt;9038;adr;0x77;fei;179335;rssi;96;rawcm;1065;rssicor;621;feicor;-1847;res;-161;corres;52
cnt;9039;adr;0x55;fei;179335;rssi;73;rawcm;8631;rssicor;205;feicor;-1847;res;6989;corres;5764
cnt;9040;adr;0x66;fei;179335;rssi;65;rawcm;13341;rssicor;216;feicor;-1847;res;11710;corres;11710
cnt;9041;adr;0x77;fei;174499;rssi;81;rawcm;1660;rssicor;310;feicor;-1797;res;173;corres;155
cnt;9042;adr;0x55;fei;179335;rssi;72;rawcm;8484;rssicor;219;feicor;-1847;res;6856;corres;5599
cnt;9043;adr;0x66;fei;174499;rssi;66;rawcm;13266;rssicor;223;feicor;-1797;res;11692;corres;11692
cnt;9044;adr;0x77;fei;174499;rssi;95;rawcm;1187;rssicor;615;feicor;-1797;res;5;corres;88
cnt;9045;adr;0x55;fei;179335;rssi;73;rawcm;8755;rssicor;205;feicor;-1847;res;7113;corres;5922
cnt;9046;adr;0x66;fei;174499;rssi;64;rawcm;12561;rssicor;221;feicor;-1797;res;10985;corres;10985
cnt;9047;adr;0x77;fei;180947;rssi;91;rawcm;1099;rssicor;482;feicor;-1863;res;-282;corres;49
cnt;9048;adr;0x55;fei;179335;rssi;72;rawcm;8376;rssicor;219;feicor;-1847;res;6748;corres;5468
cnt;9049;adr;0x66;fei;180947;rssi;64;rawcm;12674;rssicor;221;feicor;-1863;res;11032;corres;11032
cnt;9050;adr;0x77;fei;180947;rssi;91;rawcm;1120;rssicor;482;feicor;-1863;res;-261;corres;48
cnt;9051;adr;0x55;fei;179335;rssi;72;rawcm;8218;rssicor;219;feicor;-1847;res;6590;corres;5283
cnt;9052;adr;0x66;fei;175305;rssi;65;rawcm;12435;rssicor;216;feicor;-1805;res;10846;corres;10846
cnt;9053;adr;0x77;fei;175305;rssi;92;rawcm;1667;rssicor;475;feicor;-1805;res;337;corres;246
cnt;9054;adr;0x55;fei;178529;rssi;72;rawcm;8678;rssicor;219;feicor;-1838;res;7059;corres;5853
cnt;9055;adr;0x66;fei;175305;rssi;65;rawcm;13023;rssicor;216;feicor;-1805;res;11434;corres;11434
cnt;9056;adr;0x77;fei;175305;rssi;80;rawcm;1165;rssicor;280;feicor;-1805;res;-360;corres;59
cnt;9057;adr;0x55;fei;178529;rssi;72;rawcm;8313;rssicor;219;feicor;-1838;res;6694;corres;5404
cnt;9058;adr;0x66;fei;175305;rssi;65;rawcm;13999;rssicor;216;feicor;-1805;res;12410;corres;12410
cnt;9059;adr;0x77;fei;175305;rssi;90;rawcm;1257;rssicor;473;feicor;-1805;res;-75;corres;66
cnt;9060;adr;0x55;fei;178529;rssi;72;rawcm;8385;rssicor;219;feicor;-1838;res;6766;corres;5490
cnt;9061;adr;0x66;fei;174499;rssi;66;rawcm;13934;rssicor;223;feicor;-1797;res;12360;corres;12360
cnt;9062;adr;0x77;fei;174499;rssi;81;rawcm;1577;rssicor;310;feicor;-1797;res;90;corres;118
cnt;9063;adr;0x66;fei;174499;rssi;66;rawcm;13472;rssicor;223;feicor;-1797;res;11898;corres;11898
cnt;9064;adr;0x77;fei;174499;rssi;81;rawcm;1162;rssicor;310;feicor;-1797;res;-325;corres;54
cnt;9065;adr;0x55;fei;178529;rssi;73;rawcm;9203;rssicor;205;feicor;-1838;res;7570;corres;6537
cnt;9066;adr;0x66;fei;180141;rssi;66;rawcm;13746;rssicor;223;feicor;-1855;res;12114;corres;12114
cnt;9067;adr;0x77;fei;180141;rssi;91;rawcm;1149;rssicor;482;feicor;-1855;res;-224;corres;48
cnt;9068;adr;0x55;fei;178529;rssi;73;rawcm;8903;rssicor;205;feicor;-1838;res;7270;corres;6128
cnt;9069;adr;0x66;fei;180141;rssi;67;rawcm;13562;rssicor;223;feicor;-1855;res;11930;corres;11930
cnt;9070;adr;0x77;fei;180141;rssi;81;rawcm;1399;rssicor;310;feicor;-1855;res;-146;corres;54
cnt;9071;adr;0x55;fei;178529;rssi;73;rawcm;8683;rssicor;205;feicor;-1838;res;7050;corres;5841
cnt;9072;adr;0x66;fei;180141;rssi;67;rawcm;14037;rssicor;223;feicor;-1855;res;12405;corres;12405
cnt;9073;adr;0x77;fei;180141;rssi;81;rawcm;1144;rssicor;310;feicor;-1855;res;-401;corres;68
cnt;9074;adr;0x55;fei;179335;rssi;73;rawcm;9178;rssicor;205;feicor;-1847;res;7536;corres;6490
cnt;9075;adr;0x66;fei;180141;rssi;67;rawcm;14245;rssicor;223;feicor;-1855;res;12613;corres;12613
cnt;9076;adr;0x77;fei;180141;rssi;91;rawcm;1187;rssicor;482;feicor;-1855;res;-186;corres;50
cnt;9077;adr;0x55;fei;179335;rssi;73;rawcm;8780;rssicor;205;feicor;-1847;res;7138;corres;5955
cnt;9078;adr;0x66;fei;180141;rssi;67;rawcm;14517;rssicor;223;feicor;-1855;res;12885;corres;12885
cnt;9079;adr;0x77;fei;175305;rssi;81;rawcm;1476;rssicor;310;feicor;-1805;res;-19;corres;81
cnt;9080;adr;0x55;fei;179335;rssi;74;rawcm;8811;rssicor;207;feicor;-1847;res;7171;corres;5998
cnt;9081;adr;0x66;fei;175305;rssi;66;rawcm;14479;rssicor;223;feicor;-1805;res;12897;corres;12897
cnt;9082;adr;0x77;fei;175305;rssi;90;rawcm;1140;rssicor;473;feicor;-1805;res;-192;corres;50
cnt;9083;adr;0x55;fei;179335;rssi;73;rawcm;8881;rssicor;205;feicor;-1847;res;7239;corres;6087
cnt;9084;adr;0x66;fei;175305;rssi;67;rawcm;14553;rssicor;223;feicor;-1805;res;12971;corres;12971
cnt;9085;adr;0x77;fei;175305;rssi;81;rawcm;1453;rssicor;310;feicor;-1805;res;-42;corres;74
cnt;9086;adr;0x55;fei;179335;rssi;72;rawcm;8061;rssicor;219;feicor;-1847;res;6433;corres;5107
cnt;9087;adr;0x66;fei;175305;rssi;67;rawcm;14443;rssicor;223;feicor;-1805;res;12861;corres;12861
cnt;9088;adr;0x77;fei;175305;rssi;81;rawcm;1243;rssicor;310;feicor;-1805;res;-252;corres;48
cnt;9089;adr;0x55;fei;179335;rssi;72;rawcm;7979;rssicor;219;feicor;-1847;res;6351;corres;5018
cnt;9090;adr;0x66;fei;175305;rssi;68;rawcm;14684;rssicor;226;feicor;-1805;res;13105;corres;13105
cnt;9091;adr;0x77;fei;175305;rssi;81;rawcm;1636;rssicor;310;feicor;-1805;res;141;corres;140
cnt;9092;adr;0x55;fei;179335;rssi;72;rawcm;8498;rssicor;219;feicor;-1847;res;6870;corres;5616
